frame_id,object_id,object_type,x,y,z,qx,qy,qz,qw,length,width,height,sensor_id,occlusion_level,num_points,score,timestamp
95,ff39ed8c-8c9b-4a58-8899-2d737610b747,BUS,17.79482332524976,23.80809560029077,-6.101840019226074,0.0,0.0,-0.7643289370255052,0.644826547240001,13.217904090881348,3.2098560333251953,3.7107508182525635,s110_lidar_ouster_south,NOT_OCCLUDED,678,3.0575819103120025,1688626672.5404906
95,7f03a5a7-1d02-45f8-8706-716d2fafdc0f,CAR,41.96182127456223,10.822400798829346,-6.380436420440674,0.0,0.0,-0.997836202477347,0.06574886330262336,4.057522773742676,1.8849234580993652,1.5228291749954224,s110_lidar_ouster_south,NOT_OCCLUDED,7,0.42672738534745935,1688626672.5404906
95,9a65a3ef-fea2-4254-a8b8-0fb50e077378,TRUCK,8.348207015573648,10.012000647075475,-5.490284662077748,0.0,0.0,0.9687151001182652,0.2481754516523729,2.740044355392456,2.9319772720336914,3.555121660232544,s110_lidar_ouster_south,,1278,35.797127687569336,1688626672.5404906
95,4aa2a154-5540-4bde-9c36-7af16f6c6282,CAR,43.93361859973855,14.476117655862287,-6.549208641052246,0.0,0.0,-0.997836202477347,0.06574886330262336,4.095294952392578,2.1,1.5567948818206787,s110_lidar_ouster_south,NOT_OCCLUDED,12,0.6363612391107728,1688626672.5404906
95,a8733744-300f-48b5-bbbc-8ac9c2b9a4a0,PEDESTRIAN,30.83098154608672,20.310664975022274,-6.761412620544434,0.0,0.0,-0.9903207108832308,0.13879801726153157,0.717009425163269,0.7428040504455566,1.7209641933441162,s110_lidar_ouster_south,NOT_OCCLUDED,23,17.816205874150363,1688626672.5404906
95,8e7a2d14-d234-4ecc-bc81-59ee1794a9bc,CAR,53.11897277832031,15.035331726074219,-6.148396948505798,0.0,0.0,-0.9975847945969275,0.06945917929983057,4.111781597137451,1.8610159158706665,1.5071532726287842,s110_lidar_ouster_south,NOT_OCCLUDED,8,0.49250516455952753,1688626672.5404906
95,d055655d-8bc9-4770-bdd9-f36768319779,TRAILER,14.529464245119012,4.3018028155855115,-5.2427555677308035,0.0,0.0,0.9107101020407613,0.4130461354871949,14.365885734558105,3.0818474292755127,4.265311241149902,s110_lidar_ouster_south,,9526,40.355830987793595,1688626672.5404906
95,c31fb1a1-c2e4-469c-b5cb-26fb8874a893,CAR,48.158549594104834,11.354006118358072,-5.973955414370973,0.0,0.0,-0.997836202477347,0.06574886330262336,4.044475555419922,2.0,1.5814357995986938,s110_lidar_ouster_south,PARTIALLY_OCCLUDED,10,0.2814224401076311,1688626672.5404906
95,4d2c6535-ad01-4c5b-8401-494855226f76,CAR,47.853558530274235,32.73601778755372,-6.465798954232057,0.0,0.0,-0.8723554823449863,0.4888720818605275,4.7,2.09,1.45,,PARTIALLY_OCCLUDED,2,0.05054990574548824,1688626672.5404906
95,1719f6a5-6fe4-4cd2-97f8-e989ad36254c,CAR,60.057792245727114,15.703841393560584,-5.974930557826384,0.0,0.0,-0.998710143975583,0.05077448493357918,4.7,2.02,1.45,,MOSTLY_OCCLUDED,0,0.0,1688626672.5404906
95,34caa369-bf29-4889-b2fc-29bf486af738,CAR,42.626414471909385,7.318071977532891,-6.2928608093359095,0.0,0.0,-0.997836202477347,0.06574886330262336,4.7,2.09,1.45,,,23,1.291830924606922,1688626672.5404906
95,c003b325-3f93-401b-93da-66a2e954fa92,CAR,47.853558530274235,32.73601778755372,-6.465798954232057,0.0,0.0,-0.8723554823449863,0.4888720818605275,4.7,2.09,1.45,,NOT_OCCLUDED,2,0.0996956474424907,1688626672.5404906
95,4cb9d60e-6053-43a6-b1f8-48a5199cb13a,CAR,54.871186911749255,11.997314270330511,-5.828043090193794,0.0,0.0,-0.997836202477347,0.06574886330262336,4.83,2.09,1.45,,MOSTLY_OCCLUDED,2,0.0027327416264526683,1688626672.5404906
95,08885319-d8f6-4c45-b8d1-4c092e4861dc,PEDESTRIAN,30.855321205949217,21.108554374461654,-6.9,0.0,0.0,-0.9999996829318346,0.0007963267107332633,0.73,0.71,1.75,,,21,18.52209145282655,1688626672.5404906
95,907063a5-adc0-4a68-a52a-6c9b8feb2ee9,PEDESTRIAN,48.58800085779744,-21.532958098903926,-5.657178283545274,0.0,0.0,-0.7277255985995505,0.6858683934567373,0.8300000000000001,0.79,1.75,,,7,4.880280616135428,1688626672.5404906
95,6f1b07a3-5f6b-4178-8092-f227863b597d,PEDESTRIAN,47.925130038296764,-22.061504818198625,-5.702461668406594,0.0,0.0,-0.7032794192004101,0.7109135380122774,0.73,0.71,1.75,,,5,4.410021774482511,1688626672.5404906
95,19348daf-2511-4a2f-818c-dc8cbd8bf870,PEDESTRIAN,35.653884910802475,20.04022492393321,-6.588744432311885,0.0,0.0,0.7864251549526741,0.6176855799334016,0.8300000000000001,0.79,1.75,,,0,0.0,1688626672.5404906
95,3cd41799-d086-4ec0-a649-1b51150b211b,TRUCK,29.83197825984536,61.66210044648215,-5.674487821158806,0.0,0.0,0.6816387600233341,0.731688868873821,3.0528552532196045,3.0820817947387695,4.197370529174805,s110_lidar_ouster_south,,22,0.4456408412534346,1688626672.5404906
95,5a75d428-3456-42a1-8eaa-f5b4c5573990,TRAILER,29.24926364365197,53.242246678257295,-5.609035477438448,0.0,0.0,0.6816387600233341,0.731688868873821,13.89,3.2141783237457275,4.391101360321045,s110_lidar_ouster_south,,307,1.2528027174255048,1688626672.5404906
95,401e6471-d6ac-4441-90d3-60f789ad8af6,CAR,13.22840771018131,37.79905951029326,-7.420087307369776,0.0,0.0,-0.7739149871300817,0.6332895014884152,4.7,2.09,1.45,,,49,2.7521615350321382,1688626672.5404906
95,74c64f31-b596-4453-b1b2-0557c590ea06,TRUCK,23.76397858823355,-13.337934096988477,-5.523513809712636,0.0,0.0,0.7311458297268959,0.6822212072876135,2.24,2.72,3.96,s110_lidar_ouster_south,,629,20.855880230880228,1688626672.5404906
95,f607edbb-f2f2-4861-9a06-0f34dabfebd0,TRAILER,24.084166711810667,-17.82386557129862,-5.469964826326512,0.0,0.0,0.741296511727503,0.6711776826598423,7.09,2.8000000000000003,3.96,,,1333,13.565027669400024,1688626672.5404906
95,a570cc9b-89f8-46e9-a4ab-e4b1a241e2f5,TRUCK,51.501006831303414,8.003053677874181,-4.851030634635949,0.0,0.0,-0.998710143975583,0.05077448493357918,3.5300000000000002,3.36,3.96,,,42,0.7153689873236615,1688626672.5404906
95,f82a8b13-9942-497f-b23f-4ba57e173216,CAR,-17.937668004585763,-6.547587364019903,-7.357176141185347,0.0,0.0,0.013089595571344386,0.999914327574007,3.3200000000000003,2.09,1.45,,,778,61.86103927341108,1688626672.5404906
95,c05bfc3e-0ca6-4009-8532-fea514b4d6a7,VAN,-11.493648306928387,-6.3089972693651655,-7.1437904834747314,0.0,0.0,0.03925981575906871,0.9992290362407229,5.203435328079538,2.15,1.49104642868042,,,5496,263.58271256038864,1688626672.5404906
95,fa6c29da-87a5-4ea9-aaa7-142e4a38cfa1,CAR,-8.368878462758662,-2.5311251012125613,-6.9,0.0,0.0,0.029995500202495768,0.9995500337489875,4.7,2.09,1.45,,,1112,62.457216876647706,1688626672.5404906
95,faac2613-b3f2-488e-8b24-9416cdbffc2d,TRAILER,59.05648484175214,8.812451079899683,-4.879038035633854,0.0,0.0,-0.998710143975583,0.05077448493357918,11.73,3.34,3.96,,,0,0.0,1688626672.5404906
95,0c33d6ac-9c80-4dcc-bb05-43956713afc8,BICYCLE,54.68868203212077,19.348454254801084,-5.874214062481216,0.0,0.0,-0.9993593799047014,0.03578868251962797,1.7,0.508,1.5,,,0,0.0,1688626672.5404906
95,e2021413-e324-4c49-994f-6208c3a39d7d,TRUCK,29.166052452049158,-44.02448510478767,-5.303404617662001,0.0,0.0,0.7311458297268959,0.6822212072876135,2.35,3.2800000000000002,3.96,,,129,3.3809815854444807,1688626672.5404906
95,4cf7f0d1-577f-42d5-af69-bfa3da8f1117,TRAILER,29.473701335852255,-48.1519405839609,-5.327129885596566,0.0,0.0,0.7311458297268959,0.6822212072876135,6.01,3.23,3.96,,,89,0.9262064762958527,1688626672.5404906
95,c9177ea6-0a55-464e-9320-05cbf20af1fc,CAR,22.287064967469316,-38.370713102830315,-6.244821987933818,0.0,0.0,0.7311458297268959,0.6822212072876135,4.72,2.23,2.02,,,17,0.6396474564230764,1688626672.5404906
88,ff39ed8c-8c9b-4a58-8899-2d737610b747,BUS,18.144823325249764,26.55809560029081,-6.101840019226074,0.0,0.0,-0.7643289370255052,0.644826547240001,13.217904090881348,3.2098560333251953,3.7107508182525635,s110_lidar_ouster_south,NOT_OCCLUDED,623,2.80954797953448,1688626671.8406794
88,7f03a5a7-1d02-45f8-8706-716d2fafdc0f,CAR,41.96182127456223,10.822400798829346,-6.380436420440674,0.0,0.0,-0.997836202477347,0.06574886330262336,4.057522773742676,1.8849234580993652,1.5228291749954224,s110_lidar_ouster_south,NOT_OCCLUDED,14,0.8534547706949187,1688626671.8406794
88,9a65a3ef-fea2-4254-a8b8-0fb50e077378,TRUCK,11.912701306934634,8.168119290411056,-5.490284662077748,0.0,0.0,0.9246060124080203,0.38092482436688185,2.740044355392456,2.9319772720336914,3.555121660232544,s110_lidar_ouster_south,,1527,42.771685429513596,1688626671.8406794
88,4aa2a154-5540-4bde-9c36-7af16f6c6282,CAR,43.93361859973855,14.476117655862287,-6.549208641052246,0.0,0.0,-0.997836202477347,0.06574886330262336,4.095294952392578,2.1,1.5567948818206787,s110_lidar_ouster_south,NOT_OCCLUDED,15,0.795451548888466,1688626671.8406794
88,a8733744-300f-48b5-bbbc-8ac9c2b9a4a0,PEDESTRIAN,30.83098154608672,20.310664975022274,-6.761412620544434,0.0,0.0,-0.9903207108832308,0.13879801726153157,0.717009425163269,0.7428040504455566,1.7209641933441162,s110_lidar_ouster_south,NOT_OCCLUDED,25,19.365441167554742,1688626671.8406794
88,8e7a2d14-d234-4ecc-bc81-59ee1794a9bc,CAR,53.11897277832031,15.035331726074219,-6.148396948505798,0.0,0.0,-0.9975847945969275,0.06945917929983057,4.111781597137451,1.8610159158706665,1.5071532726287842,s110_lidar_ouster_south,NOT_OCCLUDED,10,0.6156314556994095,1688626671.8406794
88,d055655d-8bc9-4770-bdd9-f36768319779,TRAILER,17.110792718676098,1.4588192276633551,-5.2427555677308035,0.0,0.0,0.8723554823449863,0.4888720818605275,14.365885734558105,3.0818474292755127,4.265311241149902,s110_lidar_ouster_south,,8933,37.84365297228219,1688626671.8406794
88,c31fb1a1-c2e4-469c-b5cb-26fb8874a893,CAR,48.158549594104834,11.354006118358072,-5.973955414370973,0.0,0.0,-0.997836202477347,0.06574886330262336,4.044475555419922,2.0,1.5814357995986938,s110_lidar_ouster_south,PARTIALLY_OCCLUDED,8,0.22513795208610488,1688626671.8406794
88,4d2c6535-ad01-4c5b-8401-494855226f76,CAR,47.853558530274235,32.73601778755372,-6.465798954232057,0.0,0.0,-0.8723554823449863,0.4888720818605275,4.7,2.09,1.45,,PARTIALLY_OCCLUDED,2,0.05054990574548824,1688626671.8406794
88,1719f6a5-6fe4-4cd2-97f8-e989ad36254c,CAR,60.057792245727114,15.703841393560584,-5.974930557826384,0.0,0.0,-0.998710143975583,0.05077448493357918,4.7,2.02,1.45,,MOSTLY_OCCLUDED,0,0.0,1688626671.8406794
88,34caa369-bf29-4889-b2fc-29bf486af738,CAR,42.626414471909385,7.318071977532891,-6.2928608093359095,0.0,0.0,-0.997836202477347,0.06574886330262336,4.7,2.09,1.45,,,27,1.5164971723646474,1688626671.8406794
88,c003b325-3f93-401b-93da-66a2e954fa92,CAR,47.853558530274235,32.73601778755372,-6.465798954232057,0.0,0.0,-0.8723554823449863,0.4888720818605275,4.7,2.09,1.45,,NOT_OCCLUDED,2,0.0996956474424907,1688626671.8406794
88,4cb9d60e-6053-43a6-b1f8-48a5199cb13a,CAR,54.871186911749255,11.997314270330511,-5.828043090193794,0.0,0.0,-0.997836202477347,0.06574886330262336,4.83,2.09,1.45,,MOSTLY_OCCLUDED,2,0.0027327416264526683,1688626671.8406794
88,08885319-d8f6-4c45-b8d1-4c092e4861dc,PEDESTRIAN,30.855321205949217,21.108554374461654,-6.9,0.0,0.0,-0.9999996829318346,0.0007963267107332633,0.73,0.71,1.75,,,18,15.876078388137044,1688626671.8406794
88,907063a5-adc0-4a68-a52a-6c9b8feb2ee9,PEDESTRIAN,48.18800085779746,-20.682958098903914,-5.657178283545274,0.0,0.0,-0.7277255985995505,0.6858683934567373,0.8300000000000001,0.79,1.75,,,22,15.338024793568488,1688626671.8406794
88,6f1b07a3-5f6b-4178-8092-f227863b597d,PEDESTRIAN,47.375130038296795,-21.211504818198613,-5.702461668406594,0.0,0.0,-0.7032794192004101,0.7109135380122774,0.73,0.71,1.75,,,8,7.0560348391720185,1688626671.8406794
88,19348daf-2511-4a2f-818c-dc8cbd8bf870,PEDESTRIAN,35.55388491080248,19.4402249239332,-6.588744432311885,0.0,0.0,0.7864251549526741,0.6176855799334016,0.8300000000000001,0.79,1.75,,,10,6.97182945162204,1688626671.8406794
88,3cd41799-d086-4ec0-a649-1b51150b211b,TRUCK,29.83590452791444,57.25131840806355,-5.674487821158806,0.0,0.0,0.6705871556379037,0.7418307534023282,3.0528552532196045,3.0820817947387695,4.197370529174805,s110_lidar_ouster_south,,0,0.0,1688626671.8406794
88,5a75d428-3456-42a1-8eaa-f5b4c5573990,TRAILER,28.98397178317621,48.840289234547406,-5.609035477438448,0.0,0.0,0.6705871556379037,0.7418307534023282,13.89,3.2141783237457275,4.391101360321045,s110_lidar_ouster_south,,304,1.2405603455939853,1688626671.8406794
88,401e6471-d6ac-4441-90d3-60f789ad8af6,CAR,13.92840771018132,40.6990595102931,-7.420087307369776,0.0,0.0,-0.7739149871300817,0.6332895014884152,4.7,2.09,1.45,,,34,1.9096631059406672,1688626671.8406794
88,74c64f31-b596-4453-b1b2-0557c590ea06,TRUCK,24.063978588233553,-16.60976400118498,-5.523513809712636,0.0,0.0,0.7311458297268959,0.6822212072876135,2.24,2.72,3.96,s110_lidar_ouster_south,,505,16.74438714879891,1688626671.8406794
88,f607edbb-f2f2-4861-9a06-0f34dabfebd0,TRAILER,24.484166711810673,-21.023865571298664,-5.469964826326512,0.0,0.0,0.7311458297268959,0.6822212072876135,7.09,2.8000000000000003,3.96,,,1158,11.784172574017425,1688626671.8406794
88,a570cc9b-89f8-46e9-a4ab-e4b1a241e2f5,TRUCK,52.95100683130333,8.153053677874183,-4.851030634635949,0.0,0.0,-0.998710143975583,0.05077448493357918,3.5300000000000002,3.36,3.96,,,29,0.49394525315205196,1688626671.8406794
88,f82a8b13-9942-497f-b23f-4ba57e173216,CAR,-17.937668004585763,-6.547587364019903,-7.357176141185347,0.0,0.0,0.013089595571344386,0.999914327574007,3.3200000000000003,2.09,1.45,,,777,61.78152636946068,1688626671.8406794
88,c05bfc3e-0ca6-4009-8532-fea514b4d6a7,VAN,-11.493648306928387,-6.3089972693651655,-7.1437904834747314,0.0,0.0,0.03925981575906871,0.9992290362407229,5.203435328079538,2.15,1.49104642868042,,,5476,262.62353238367695,1688626671.8406794
88,fa6c29da-87a5-4ea9-aaa7-142e4a38cfa1,CAR,-8.368878462758662,-2.5311251012125613,-6.9,0.0,0.0,0.029995500202495768,0.9995500337489875,4.7,2.09,1.45,,,1089,61.16538595204078,1688626671.8406794
88,faac2613-b3f2-488e-8b24-9416cdbffc2d,TRAILER,60.65648484175205,8.912451079899684,-4.879038035633854,0.0,0.0,-0.998710143975583,0.05077448493357918,11.73,3.34,3.96,,,0,0.0,1688626671.8406794
88,0c33d6ac-9c80-4dcc-bb05-43956713afc8,BICYCLE,57.48868203212061,19.09845425480108,-5.666305147205789,0.0,0.0,-0.9993593799047014,0.03578868251962797,1.7,0.508,1.5,,,0,0.0,1688626671.8406794
88,e2021413-e324-4c49-994f-6208c3a39d7d,TRUCK,29.516052452049163,-49.22448510478738,-5.303404617662001,0.0,0.0,0.7311458297268959,0.6822212072876135,2.35,3.2800000000000002,3.96,,,121,3.171308308827769,1688626671.8406794
88,4cf7f0d1-577f-42d5-af69-bfa3da8f1117,TRAILER,29.77370133585226,-53.4519405839606,-5.327129885596566,0.0,0.0,0.7311458297268959,0.6822212072876135,6.01,3.23,3.96,,,31,0.322611244552488,1688626671.8406794
88,c9177ea6-0a55-464e-9320-05cbf20af1fc,CAR,23.437064967469333,-45.97071310282988,-6.519203888056444,0.0,0.0,0.7311458297268959,0.6822212072876135,4.72,2.23,2.02,,,12,0.4515158515927598,1688626671.8406794
72,ff39ed8c-8c9b-4a58-8899-2d737610b747,BUS,18.894823325249774,30.75809560029087,-6.101840019226074,0.0,0.0,-0.7643289370255052,0.644826547240001,13.217904090881348,3.2098560333251953,3.7107508182525635,s110_lidar_ouster_south,NOT_OCCLUDED,462,2.0834850185311877,1688626670.2408597
72,7f03a5a7-1d02-45f8-8706-716d2fafdc0f,CAR,41.96182127456223,10.822400798829346,-6.380436420440674,0.0,0.0,-0.997836202477347,0.06574886330262336,4.057522773742676,1.8849234580993652,1.5228291749954224,s110_lidar_ouster_south,NOT_OCCLUDED,13,0.7924937156452817,1688626670.2408597
72,9a65a3ef-fea2-4254-a8b8-0fb50e077378,TRUCK,17.493739986094813,2.7276939211715234,-5.490284662077748,0.0,0.0,0.8547141894740934,0.5190988868333698,2.740044355392456,2.9319772720336914,3.555121660232544,s110_lidar_ouster_south,,1544,43.24786005446561,1688626670.2408597
72,4aa2a154-5540-4bde-9c36-7af16f6c6282,CAR,43.93361859973855,14.476117655862287,-6.549208641052246,0.0,0.0,-0.997836202477347,0.06574886330262336,4.095294952392578,2.1,1.5567948818206787,s110_lidar_ouster_south,NOT_OCCLUDED,28,1.48484289125847,1688626670.2408597
72,a8733744-300f-48b5-bbbc-8ac9c2b9a4a0,PEDESTRIAN,30.83098154608672,20.310664975022274,-6.761412620544434,0.0,0.0,-0.9903207108832308,0.13879801726153157,0.717009425163269,0.7428040504455566,1.7209641933441162,s110_lidar_ouster_south,NOT_OCCLUDED,27,20.914676460959125,1688626670.2408597
72,8e7a2d14-d234-4ecc-bc81-59ee1794a9bc,CAR,53.11897277832031,15.035331726074219,-6.148396948505798,0.0,0.0,-0.9975847945969275,0.06945917929983057,4.111781597137451,1.8610159158706665,1.5071532726287842,s110_lidar_ouster_south,NOT_OCCLUDED,12,0.7387577468392914,1688626670.2408597
72,d055655d-8bc9-4770-bdd9-f36768319779,TRAILER,20.80845513237769,-5.1321690081377564,-5.2427555677308035,0.0,0.0,0.8163137404456835,0.5776087578626015,14.365885734558105,3.0818474292755127,4.265311241149902,s110_lidar_ouster_south,,6423,27.210319382174916,1688626670.2408597
72,c31fb1a1-c2e4-469c-b5cb-26fb8874a893,CAR,48.158549594104834,11.354006118358072,-5.973955414370973,0.0,0.0,-0.997836202477347,0.06574886330262336,4.044475555419922,2.0,1.5814357995986938,s110_lidar_ouster_south,PARTIALLY_OCCLUDED,5,0.14071122005381556,1688626670.2408597
72,4d2c6535-ad01-4c5b-8401-494855226f76,CAR,47.853558530274235,32.73601778755372,-6.465798954232057,0.0,0.0,-0.8723554823449863,0.4888720818605275,4.7,2.09,1.45,,PARTIALLY_OCCLUDED,2,0.05054990574548824,1688626670.2408597
72,1719f6a5-6fe4-4cd2-97f8-e989ad36254c,CAR,60.057792245727114,15.703841393560584,-5.974930557826384,0.0,0.0,-0.998710143975583,0.05077448493357918,4.7,2.02,1.45,,MOSTLY_OCCLUDED,0,0.0,1688626670.2408597
72,34caa369-bf29-4889-b2fc-29bf486af738,CAR,42.626414471909385,7.318071977532891,-6.2928608093359095,0.0,0.0,-0.997836202477347,0.06574886330262336,4.7,2.09,1.45,,,23,1.291830924606922,1688626670.2408597
72,c003b325-3f93-401b-93da-66a2e954fa92,CAR,47.853558530274235,32.73601778755372,-6.465798954232057,0.0,0.0,-0.8723554823449863,0.4888720818605275,4.7,2.09,1.45,,NOT_OCCLUDED,2,0.0996956474424907,1688626670.2408597
72,4cb9d60e-6053-43a6-b1f8-48a5199cb13a,CAR,54.871186911749255,11.997314270330511,-5.828043090193794,0.0,0.0,-0.997836202477347,0.06574886330262336,4.83,2.09,1.45,,MOSTLY_OCCLUDED,2,0.0027327416264526683,1688626670.2408597
72,08885319-d8f6-4c45-b8d1-4c092e4861dc,PEDESTRIAN,30.855321205949217,21.108554374461654,-6.9,0.0,0.0,-0.9999996829318346,0.0007963267107332633,0.73,0.71,1.75,,,18,15.876078388137044,1688626670.2408597
72,907063a5-adc0-4a68-a52a-6c9b8feb2ee9,PEDESTRIAN,46.83800085779754,-19.153120295029304,-5.657178283545274,0.0,0.0,-0.7277255985995505,0.6858683934567373,0.8300000000000001,0.79,1.75,,,4,2.788731780648816,1688626670.2408597
72,6f1b07a3-5f6b-4178-8092-f227863b597d,PEDESTRIAN,46.07513003829687,-19.61150481819859,-5.702461668406594,0.0,0.0,-0.7032794192004101,0.7109135380122774,0.73,0.71,1.75,,,5,4.410021774482511,1688626670.2408597
72,19348daf-2511-4a2f-818c-dc8cbd8bf870,PEDESTRIAN,35.392612529268156,17.128925970496464,-6.452668284077004,0.0,0.0,0.7864251549526741,0.6176855799334016,0.8300000000000001,0.79,1.75,,,16,11.154927122595264,1688626670.2408597
72,3cd41799-d086-4ec0-a649-1b51150b211b,TRUCK,28.885904527914427,46.95131840806413,-5.674487821158806,0.0,0.0,0.6705871556379037,0.7418307534023282,3.0528552532196045,3.0820817947387695,4.197370529174805,s110_lidar_ouster_south,,0,0.0,1688626670.2408597
72,5a75d428-3456-42a1-8eaa-f5b4c5573990,TRAILER,28.083971783176196,38.59028923454799,-5.609035477438448,0.0,0.0,0.6705871556379037,0.7418307534023282,13.89,3.2141783237457275,4.391101360321045,s110_lidar_ouster_south,,439,1.791467078012367,1688626670.2408597
72,401e6471-d6ac-4441-90d3-60f789ad8af6,CAR,15.228407710181338,48.24905951029267,-7.285659519427519,0.0,0.0,-0.7739149871300817,0.6332895014884152,4.7,2.09,1.45,,,7,0.39316593357601975,1688626670.2408597
72,74c64f31-b596-4453-b1b2-0557c590ea06,TRUCK,24.66397858823356,-24.609764001185095,-5.523513809712636,0.0,0.0,0.7311458297268959,0.6822212072876135,2.24,2.72,3.96,s110_lidar_ouster_south,,384,12.73236567354214,1688626670.2408597
72,f607edbb-f2f2-4861-9a06-0f34dabfebd0,TRAILER,24.98416671181068,-29.17386557129878,-5.469964826326512,0.0,0.0,0.7311458297268959,0.6822212072876135,7.09,2.8000000000000003,3.96,,,547,5.566444212424466,1688626670.2408597
72,a570cc9b-89f8-46e9-a4ab-e4b1a241e2f5,TRUCK,59.00100683130299,8.903053677874194,-4.434299069060681,0.0,0.0,-0.998710143975583,0.05077448493357918,3.5300000000000002,3.36,3.96,,,25,0.42581487340694135,1688626670.2408597
72,f82a8b13-9942-497f-b23f-4ba57e173216,CAR,-17.937668004585763,-6.547587364019903,-7.357176141185347,0.0,0.0,0.013089595571344386,0.999914327574007,3.3200000000000003,2.09,1.45,,,773,61.463474753659085,1688626670.2408597
72,c05bfc3e-0ca6-4009-8532-fea514b4d6a7,VAN,-11.493648306928387,-6.3089972693651655,-7.1437904834747314,0.0,0.0,0.03925981575906871,0.9992290362407229,5.203435328079538,2.15,1.49104642868042,,,5462,261.95210625997873,1688626670.2408597
72,fa6c29da-87a5-4ea9-aaa7-142e4a38cfa1,CAR,-8.368878462758662,-2.5311251012125613,-6.9,0.0,0.0,0.029995500202495768,0.9995500337489875,4.7,2.09,1.45,,,1103,61.95171781919282,1688626670.2408597
72,faac2613-b3f2-488e-8b24-9416cdbffc2d,TRAILER,66.55648484175171,9.712451079899695,-4.438797858965369,0.0,0.0,-0.998710143975583,0.05077448493357918,11.73,3.34,3.96,,,0,0.0,1688626670.2408597
72,0c33d6ac-9c80-4dcc-bb05-43956713afc8,BICYCLE,66.63868203212009,19.188419349885447,-5.47431365695124,0.0,0.0,-0.9993593799047014,0.03578868251962797,1.7,0.508,1.5,,,0,0.0,1688626670.2408597
72,e2021413-e324-4c49-994f-6208c3a39d7d,TRUCK,30.466052452049176,-63.42348663299822,-5.303404617662001,0.0,0.0,0.7311458297268959,0.6822212072876135,2.35,3.2800000000000002,3.96,,,42,1.100784702237738,1688626670.2408597
72,4cf7f0d1-577f-42d5-af69-bfa3da8f1117,TRAILER,30.777623376223037,-67.66659853163527,-5.327129885596566,0.0,0.0,0.7311458297268959,0.6822212072876135,6.01,3.23,3.96,,,22,0.22894991548886248,1688626670.2408597
30,ff39ed8c-8c9b-4a58-8899-2d737610b747,BUS,19.094823325249777,31.708095600290882,-6.101840019226074,0.0,0.0,-0.7643289370255052,0.644826547240001,13.217904090881348,3.2098560333251953,3.7107508182525635,s110_lidar_ouster_south,NOT_OCCLUDED,434,1.957213199226267,1688626666.040814
30,7f03a5a7-1d02-45f8-8706-716d2fafdc0f,CAR,41.96182127456223,10.822400798829346,-6.380436420440674,0.0,0.0,-0.997836202477347,0.06574886330262336,4.057522773742676,1.8849234580993652,1.5228291749954224,s110_lidar_ouster_south,NOT_OCCLUDED,0,0.0,1688626666.040814
30,9a65a3ef-fea2-4254-a8b8-0fb50e077378,TRUCK,23.824572807527733,-14.770151382613117,-5.468687057495117,0.0,0.0,0.7311458297268959,0.6822212072876135,2.740044355392456,2.9319772720336914,3.555121660232544,s110_lidar_ouster_south,,773,21.65194029928881,1688626666.040814
30,4aa2a154-5540-4bde-9c36-7af16f6c6282,CAR,43.93361859973855,14.476117655862287,-6.549208641052246,0.0,0.0,-0.997836202477347,0.06574886330262336,4.095294952392578,2.1,1.5567948818206787,s110_lidar_ouster_south,NOT_OCCLUDED,0,0.0,1688626666.040814
30,a8733744-300f-48b5-bbbc-8ac9c2b9a4a0,PEDESTRIAN,30.83098154608672,20.310664975022274,-6.761412620544434,0.0,0.0,-0.9903207108832308,0.13879801726153157,0.717009425163269,0.7428040504455566,1.7209641933441162,s110_lidar_ouster_south,NOT_OCCLUDED,24,18.590823520852553,1688626666.040814
30,8e7a2d14-d234-4ecc-bc81-59ee1794a9bc,CAR,53.11897277832031,15.035331726074219,-6.148396948505798,0.0,0.0,-0.9975847945969275,0.06945917929983057,4.111781597137451,1.8610159158706665,1.5071532726287842,s110_lidar_ouster_south,NOT_OCCLUDED,3,0.18468943670982285,1688626666.040814
30,c31fb1a1-c2e4-469c-b5cb-26fb8874a893,CAR,48.158549594104834,11.354006118358072,-5.973955414370973,0.0,0.0,-0.997836202477347,0.06574886330262336,4.044475555419922,2.0,1.5814357995986938,s110_lidar_ouster_south,PARTIALLY_OCCLUDED,0,0.0,1688626666.040814
30,4d2c6535-ad01-4c5b-8401-494855226f76,CAR,47.853558530274235,32.73601778755372,-6.465798954232057,0.0,0.0,-0.8723554823449863,0.4888720818605275,4.7,2.09,1.45,,PARTIALLY_OCCLUDED,2,0.05054990574548824,1688626666.040814
30,1719f6a5-6fe4-4cd2-97f8-e989ad36254c,CAR,60.057792245727114,15.703841393560584,-5.974930557826384,0.0,0.0,-0.998710143975583,0.05077448493357918,4.7,2.02,1.45,,MOSTLY_OCCLUDED,0,0.0,1688626666.040814
30,34caa369-bf29-4889-b2fc-29bf486af738,CAR,42.626414471909385,7.318071977532891,-6.2928608093359095,0.0,0.0,-0.997836202477347,0.06574886330262336,4.7,2.09,1.45,,,0,0.0,1688626666.040814
30,c003b325-3f93-401b-93da-66a2e954fa92,CAR,47.853558530274235,32.73601778755372,-6.465798954232057,0.0,0.0,-0.8723554823449863,0.4888720818605275,4.7,2.09,1.45,,NOT_OCCLUDED,2,0.0996956474424907,1688626666.040814
30,4cb9d60e-6053-43a6-b1f8-48a5199cb13a,CAR,54.871186911749255,11.997314270330511,-5.828043090193794,0.0,0.0,-0.997836202477347,0.06574886330262336,4.83,2.09,1.45,,MOSTLY_OCCLUDED,2,0.0027327416264526683,1688626666.040814
30,08885319-d8f6-4c45-b8d1-4c092e4861dc,PEDESTRIAN,30.855321205949217,21.108554374461654,-6.9,0.0,0.0,-0.9999996829318346,0.0007963267107332633,0.73,0.71,1.75,,,17,14.99407403324054,1688626666.040814
30,907063a5-adc0-4a68-a52a-6c9b8feb2ee9,PEDESTRIAN,43.33755822986472,-14.456458717122473,-6.0600000000000005,0.0,0.0,-0.7277255985995505,0.6858683934567373,0.8300000000000001,0.79,1.75,,,16,11.154927122595264,1688626666.040814
30,6f1b07a3-5f6b-4178-8092-f227863b597d,PEDESTRIAN,42.41525991683114,-15.05512087429048,-6.0600000000000005,0.0,0.0,-0.7032794192004101,0.7109135380122774,0.73,0.71,1.75,,,20,17.640087097930046,1688626666.040814
30,19348daf-2511-4a2f-818c-dc8cbd8bf870,PEDESTRIAN,34.84572110383654,10.098144866007383,-6.058385636035536,0.0,0.0,0.7864251549526741,0.6176855799334016,0.8300000000000001,0.79,1.75,,,0,0.0,1688626666.040814
30,74c64f31-b596-4453-b1b2-0557c590ea06,TRUCK,25.75923006029303,-42.2598562733714,-5.523513809712636,0.0,0.0,0.7311458297268959,0.6822212072876135,2.24,2.72,3.96,s110_lidar_ouster_south,,178,5.90198200492318,1688626666.040814
30,f607edbb-f2f2-4861-9a06-0f34dabfebd0,TRAILER,26.17681265752932,-46.99930967217818,-5.469964826326512,0.0,0.0,0.7311458297268959,0.6822212072876135,7.09,2.8000000000000003,3.96,,,81,0.8242815012913743,1688626666.040814
30,5a75d428-3456-42a1-8eaa-f5b4c5573990,TRAILER,26.625857007977647,6.504624087549128,-5.0361738204956055,0.0,0.0,0.7173560908995229,0.6967067093471653,13.89,3.2141783237457275,4.391101360321045,s110_lidar_ouster_south,,4020,16.404778254236252,1688626666.040814
30,a570cc9b-89f8-46e9-a4ab-e4b1a241e2f5,TRUCK,90.0490812699859,13.03343818361709,-3.191458547544012,0.0,0.0,-0.998710143975583,0.05077448493357918,3.5300000000000002,3.36,3.96,,,7,0.11922816455394358,1688626666.040814
30,090bdb21-9121-4b77-aea0-aac6d1c0e479,CAR,67.54012238317954,0.6383530342365932,-5.132278321044836,0.0,0.0,0.06495423883478246,0.9978882436713011,4.626152515411377,2.087339401245117,1.899446725845337,s110_lidar_ouster_south,,8,0.3489312281643504,1688626666.040814
30,f82a8b13-9942-497f-b23f-4ba57e173216,CAR,-17.937668004585763,-6.547587364019903,-7.357176141185347,0.0,0.0,0.013089595571344393,0.999914327574007,3.3200000000000003,2.09,1.45,,,792,62.97421992871668,1688626666.040814
30,c05bfc3e-0ca6-4009-8532-fea514b4d6a7,VAN,-11.493648306928387,-6.3089972693651655,-7.1437904834747314,0.0,0.0,0.03925981575906871,0.9992290362407229,5.203435328079538,2.15,1.49104642868042,,,5512,264.3500567017581,1688626666.040814
30,fa6c29da-87a5-4ea9-aaa7-142e4a38cfa1,CAR,-8.368878462758662,-2.5311251012125613,-6.9,0.0,0.0,0.029995500202495754,0.9995500337489875,4.7,2.09,1.45,,,1155,64.87237904004324,1688626666.040814
30,7aca4f1b-c8f0-42dc-987f-ec09ebe10520,CAR,45.349853043766785,-3.175667250730334,-6.329624370013342,0.0,0.0,0.16934950384902459,0.9855560590580777,4.7,2.09,1.45,,,35,1.9658296678800984,1688626666.040814
30,5e063eba-49f8-45d2-9611-d937fe6b7dd3,CAR,53.230416966579725,1.9789100391703929,-5.547448080371677,0.0,0.0,0.07991469396917283,0.9968017063026193,4.7,2.09,1.45,,,8,0.44933249551545107,1688626666.040814
30,3cd41799-d086-4ec0-a649-1b51150b211b,TRUCK,26.534333104675806,14.591819501512912,-5.123210430145264,0.0,0.0,0.706825181105366,0.7073882691671998,3.0528552532196045,3.0820817947387695,4.197370529174805,s110_lidar_ouster_south,,653,13.227430424476944,1688626666.040814
30,d055655d-8bc9-4770-bdd9-f36768319779,TRAILER,24.386594817638773,-22.907966463992114,-5.19630241394043,0.0,0.0,0.7311458297268959,0.6822212072876135,14.365885734558105,3.0818474292755127,4.265311241149902,s110_lidar_ouster_south,,2174,9.209907260913633,1688626666.040814
22,ff39ed8c-8c9b-4a58-8899-2d737610b747,BUS,19.094823325249777,31.708095600290882,-6.101840019226074,0.0,0.0,-0.7643289370255052,0.644826547240001,13.217904090881348,3.2098560333251953,3.7107508182525635,s110_lidar_ouster_south,NOT_OCCLUDED,410,1.8489802112506208,1688626665.2405145
22,7f03a5a7-1d02-45f8-8706-716d2fafdc0f,CAR,41.96182127456223,10.822400798829346,-6.380436420440674,0.0,0.0,-0.997836202477347,0.06574886330262336,4.057522773742676,1.8849234580993652,1.5228291749954224,s110_lidar_ouster_south,NOT_OCCLUDED,0,0.0,1688626665.2405145
22,9a65a3ef-fea2-4254-a8b8-0fb50e077378,TRUCK,24.123415881354752,-17.234947407795836,-5.468687057495117,0.0,0.0,0.7311458297268959,0.6822212072876135,2.740044355392456,2.9319772720336914,3.555121660232544,s110_lidar_ouster_south,,685,19.187036358360714,1688626665.2405145
22,4aa2a154-5540-4bde-9c36-7af16f6c6282,CAR,43.93361859973855,14.476117655862287,-6.549208641052246,0.0,0.0,-0.997836202477347,0.06574886330262336,4.095294952392578,2.1,1.5567948818206787,s110_lidar_ouster_south,NOT_OCCLUDED,0,0.0,1688626665.2405145
22,a8733744-300f-48b5-bbbc-8ac9c2b9a4a0,PEDESTRIAN,30.83098154608672,20.310664975022274,-6.761412620544434,0.0,0.0,-0.9903207108832308,0.13879801726153157,0.717009425163269,0.7428040504455566,1.7209641933441162,s110_lidar_ouster_south,NOT_OCCLUDED,23,17.816205874150363,1688626665.2405145
22,8e7a2d14-d234-4ecc-bc81-59ee1794a9bc,CAR,53.11897277832031,15.035331726074219,-6.148396948505798,0.0,0.0,-0.9975847945969275,0.06945917929983057,4.111781597137451,1.8610159158706665,1.5071532726287842,s110_lidar_ouster_south,NOT_OCCLUDED,2,0.12312629113988188,1688626665.2405145
22,d055655d-8bc9-4770-bdd9-f36768319779,TRAILER,24.654818860084166,-25.878954890485442,-5.19630241394043,0.0,0.0,0.7311458297268959,0.6822212072876135,14.365885734558105,3.0818474292755127,4.265311241149902,s110_lidar_ouster_south,,1725,7.307769100770938,1688626665.2405145
22,3cd41799-d086-4ec0-a649-1b51150b211b,TRUCK,26.364365043388165,8.596413422584543,-5.123210430145264,0.0,0.0,0.7173560908995229,0.6967067093471653,3.0528552532196045,3.0820817947387695,4.197370529174805,s110_lidar_ouster_south,,726,14.706147761363344,1688626665.2405145
22,c31fb1a1-c2e4-469c-b5cb-26fb8874a893,CAR,48.158549594104834,11.354006118358072,-5.973955414370973,0.0,0.0,-0.997836202477347,0.06574886330262336,4.044475555419922,2.0,1.5814357995986938,s110_lidar_ouster_south,PARTIALLY_OCCLUDED,0,0.0,1688626665.2405145
22,4d2c6535-ad01-4c5b-8401-494855226f76,CAR,47.853558530274235,32.73601778755372,-6.465798954232057,0.0,0.0,-0.8723554823449863,0.4888720818605275,4.7,2.09,1.45,,PARTIALLY_OCCLUDED,2,0.05054990574548824,1688626665.2405145
22,1719f6a5-6fe4-4cd2-97f8-e989ad36254c,CAR,60.057792245727114,15.703841393560584,-5.974930557826384,0.0,0.0,-0.998710143975583,0.05077448493357918,4.7,2.02,1.45,,MOSTLY_OCCLUDED,0,0.0,1688626665.2405145
22,34caa369-bf29-4889-b2fc-29bf486af738,CAR,42.626414471909385,7.318071977532891,-6.2928608093359095,0.0,0.0,-0.997836202477347,0.06574886330262336,4.7,2.09,1.45,,,2,0.11233312387886277,1688626665.2405145
22,c003b325-3f93-401b-93da-66a2e954fa92,CAR,47.853558530274235,32.73601778755372,-6.465798954232057,0.0,0.0,-0.8723554823449863,0.4888720818605275,4.7,2.09,1.45,,NOT_OCCLUDED,2,0.0996956474424907,1688626665.2405145
22,4cb9d60e-6053-43a6-b1f8-48a5199cb13a,CAR,54.871186911749255,11.997314270330511,-5.828043090193794,0.0,0.0,-0.997836202477347,0.06574886330262336,4.83,2.09,1.45,,MOSTLY_OCCLUDED,2,0.0027327416264526683,1688626665.2405145
22,08885319-d8f6-4c45-b8d1-4c092e4861dc,PEDESTRIAN,30.855321205949217,21.108554374461654,-6.9,0.0,0.0,-0.9999996829318346,0.0007963267107332633,0.73,0.71,1.75,,,23,20.286100162619555,1688626665.2405145
22,907063a5-adc0-4a68-a52a-6c9b8feb2ee9,PEDESTRIAN,42.67472088155775,-13.524194799429244,-6.0600000000000005,0.0,0.0,-0.7277255985995505,0.6858683934567373,0.8300000000000001,0.79,1.75,,,24,16.7323906838929,1688626665.2405145
22,6f1b07a3-5f6b-4178-8092-f227863b597d,PEDESTRIAN,41.76728369592044,-14.139389100988916,-6.0600000000000005,0.0,0.0,-0.7032794192004101,0.7109135380122774,0.73,0.71,1.75,,,17,14.99407403324054,1688626665.2405145
22,19348daf-2511-4a2f-818c-dc8cbd8bf870,PEDESTRIAN,34.95578321015066,8.039387868454195,-6.058385636035536,0.0,0.0,0.7864251549526741,0.6176855799334016,0.8300000000000001,0.79,1.75,,,0,0.0,1688626665.2405145
22,74c64f31-b596-4453-b1b2-0557c590ea06,TRUCK,25.75923006029303,-43.909856273371304,-5.523513809712636,0.0,0.0,0.7311458297268959,0.6822212072876135,2.24,2.72,3.96,s110_lidar_ouster_south,,168,5.570409982174687,1688626665.2405145
22,f607edbb-f2f2-4861-9a06-0f34dabfebd0,TRAILER,26.17681265752932,-48.649309672178084,-5.469964826326512,0.0,0.0,0.7311458297268959,0.6822212072876135,7.09,2.8000000000000003,3.96,,,50,0.5088157415378854,1688626665.2405145
22,5a75d428-3456-42a1-8eaa-f5b4c5573990,TRAILER,26.675857007977648,0.10462408754914244,-5.0361738204956055,0.0,0.0,0.7173560908995229,0.6967067093471653,13.89,3.2141783237457275,4.391101360321045,s110_lidar_ouster_south,,4974,20.297852496659484,1688626665.2405145
22,a570cc9b-89f8-46e9-a4ab-e4b1a241e2f5,TRUCK,98.09908126998545,14.533438183617111,-3.191458547544012,0.0,0.0,-0.998710143975583,0.05077448493357918,3.5300000000000002,3.36,3.96,,,5,0.08516297468138828,1688626665.2405145
22,090bdb21-9121-4b77-aea0-aac6d1c0e479,CAR,60.24394548296611,-0.5838969979561606,-5.42838768973787,0.0,0.0,0.09485716863455745,0.9954908927552452,4.626152515411377,2.087339401245117,1.899446725845337,s110_lidar_ouster_south,,10,0.436164035205438,1688626665.2405145
22,f82a8b13-9942-497f-b23f-4ba57e173216,CAR,-17.937668004585763,-6.547587364019903,-7.357176141185347,0.0,0.0,0.013089595571344393,0.999914327574007,3.3200000000000003,2.09,1.45,,,774,61.54298765760948,1688626665.2405145
22,c05bfc3e-0ca6-4009-8532-fea514b4d6a7,VAN,-11.493648306928387,-6.3089972693651655,-7.1437904834747314,0.0,0.0,0.03925981575906871,0.9992290362407229,5.203435328079538,2.15,1.49104642868042,,,5516,264.5418927371004,1688626665.2405145
22,fa6c29da-87a5-4ea9-aaa7-142e4a38cfa1,CAR,-8.368878462758662,-2.5311251012125613,-6.9,0.0,0.0,0.029995500202495754,0.9995500337489875,4.7,2.09,1.45,,,1117,62.73804968634486,1688626665.2405145
11,ff39ed8c-8c9b-4a58-8899-2d737610b747,BUS,19.094823325249777,31.708095600290882,-6.101840019226074,0.0,0.0,-0.7643289370255052,0.644826547240001,13.217904090881348,3.2098560333251953,3.7107508182525635,s110_lidar_ouster_south,NOT_OCCLUDED,421,1.8985869974061254,1688626664.1409585
11,7f03a5a7-1d02-45f8-8706-716d2fafdc0f,CAR,41.96182127456223,10.822400798829346,-6.380436420440674,0.0,0.0,-0.997836202477347,0.06574886330262336,4.057522773742676,1.8849234580993652,1.5228291749954224,s110_lidar_ouster_south,NOT_OCCLUDED,17,1.03633793584383,1688626664.1409585
11,9a65a3ef-fea2-4254-a8b8-0fb50e077378,TRUCK,24.354003205297936,-20.7186677537236,-5.468687057495117,0.0,0.0,0.7311458297268959,0.6822212072876135,2.740044355392456,2.9319772720336914,3.555121660232544,s110_lidar_ouster_south,,601,16.83417350565663,1688626664.1409585
11,4aa2a154-5540-4bde-9c36-7af16f6c6282,CAR,43.93361859973855,14.476117655862287,-6.549208641052246,0.0,0.0,-0.997836202477347,0.06574886330262336,4.095294952392578,2.1,1.5567948818206787,s110_lidar_ouster_south,NOT_OCCLUDED,35,1.8560536140730874,1688626664.1409585
11,a8733744-300f-48b5-bbbc-8ac9c2b9a4a0,PEDESTRIAN,30.83098154608672,20.310664975022274,-6.761412620544434,0.0,0.0,-0.9903207108832308,0.13879801726153157,0.717009425163269,0.7428040504455566,1.7209641933441162,s110_lidar_ouster_south,NOT_OCCLUDED,23,17.816205874150363,1688626664.1409585
11,8e7a2d14-d234-4ecc-bc81-59ee1794a9bc,CAR,53.11897277832031,15.035331726074219,-6.148396948505798,0.0,0.0,-0.9975847945969275,0.06945917929983057,4.111781597137451,1.8610159158706665,1.5071532726287842,s110_lidar_ouster_south,NOT_OCCLUDED,11,0.6771946012693504,1688626664.1409585
11,d055655d-8bc9-4770-bdd9-f36768319779,TRAILER,24.91973953991614,-29.22700510300675,-5.19630241394043,0.0,0.0,0.7311458297268959,0.6822212072876135,14.365885734558105,3.0818474292755127,4.265311241149902,s110_lidar_ouster_south,,1325,5.613213946968981,1688626664.1409585
11,3cd41799-d086-4ec0-a649-1b51150b211b,TRUCK,26.65319723897671,-0.14326246325517977,-5.123210430145264,0.0,0.0,0.7318143887354651,0.6815039988435413,3.0528552532196045,3.0820817947387695,4.197370529174805,s110_lidar_ouster_south,,793,16.063326686998803,1688626664.1409585
11,c31fb1a1-c2e4-469c-b5cb-26fb8874a893,CAR,48.158549594104834,11.354006118358072,-5.973955414370973,0.0,0.0,-0.997836202477347,0.06574886330262336,4.044475555419922,2.0,1.5814357995986938,s110_lidar_ouster_south,PARTIALLY_OCCLUDED,17,0.4784181481829729,1688626664.1409585
11,4d2c6535-ad01-4c5b-8401-494855226f76,CAR,47.853558530274235,32.73601778755372,-6.465798954232057,0.0,0.0,-0.8723554823449863,0.4888720818605275,4.7,2.09,1.45,,PARTIALLY_OCCLUDED,2,0.05054990574548824,1688626664.1409585
11,090bdb21-9121-4b77-aea0-aac6d1c0e479,CAR,49.097622968623476,-2.435387348610229,-5.680638330756707,0.0,0.0,0.06495423883478246,0.9978882436713011,4.626152515411377,2.087339401245117,1.899446725845337,s110_lidar_ouster_south,,4,0.1744656140821752,1688626664.1409585
11,1719f6a5-6fe4-4cd2-97f8-e989ad36254c,CAR,60.057792245727114,15.703841393560584,-5.974930557826384,0.0,0.0,-0.998710143975583,0.05077448493357918,4.7,2.02,1.45,,MOSTLY_OCCLUDED,0,0.0,1688626664.1409585
11,34caa369-bf29-4889-b2fc-29bf486af738,CAR,42.626414471909385,7.318071977532891,-6.2928608093359095,0.0,0.0,-0.997836202477347,0.06574886330262336,4.7,2.09,1.45,,,29,1.6288302962435102,1688626664.1409585
11,c003b325-3f93-401b-93da-66a2e954fa92,CAR,47.853558530274235,32.73601778755372,-6.465798954232057,0.0,0.0,-0.8723554823449863,0.4888720818605275,4.7,2.09,1.45,,NOT_OCCLUDED,2,0.0996956474424907,1688626664.1409585
11,4cb9d60e-6053-43a6-b1f8-48a5199cb13a,CAR,54.871186911749255,11.997314270330511,-5.828043090193794,0.0,0.0,-0.997836202477347,0.06574886330262336,4.83,2.09,1.45,,MOSTLY_OCCLUDED,3,0.004099112439679002,1688626664.1409585
11,08885319-d8f6-4c45-b8d1-4c092e4861dc,PEDESTRIAN,30.855321205949217,21.108554374461654,-6.9,0.0,0.0,-0.9999996829318346,0.0007963267107332633,0.73,0.71,1.75,,,20,17.640087097930046,1688626664.1409585
11,907063a5-adc0-4a68-a52a-6c9b8feb2ee9,PEDESTRIAN,42.017352277332385,-11.892768324023328,-6.0600000000000005,0.0,0.0,-0.7277255985995505,0.6858683934567373,0.8300000000000001,0.79,1.75,,,0,0.0,1688626664.1409585
11,6f1b07a3-5f6b-4178-8092-f227863b597d,PEDESTRIAN,41.357432311212015,-12.480531211395887,-6.0600000000000005,0.0,0.0,-0.7032794192004101,0.7109135380122774,0.73,0.71,1.75,,,0,0.0,1688626664.1409585
11,19348daf-2511-4a2f-818c-dc8cbd8bf870,PEDESTRIAN,35.265380708431124,6.488633260549544,-6.058385636035536,0.0,0.0,0.7864251549526741,0.6176855799334016,0.8300000000000001,0.79,1.75,,,33,23.007037190352733,1688626664.1409585
11,74c64f31-b596-4453-b1b2-0557c590ea06,TRUCK,25.809230060293032,-44.61406228065186,-5.6637091636657715,0.0,0.0,0.7311458297268959,0.6822212072876135,2.24,2.72,3.96,s110_lidar_ouster_south,,143,4.741479925303453,1688626664.1409585
11,f607edbb-f2f2-4861-9a06-0f34dabfebd0,TRAILER,26.276812657529323,-49.24930967217805,-5.203271361962503,0.0,0.0,0.7311458297268959,0.6822212072876135,7.09,2.8000000000000003,3.96,,,61,0.6207552046762201,1688626664.1409585
11,f82a8b13-9942-497f-b23f-4ba57e173216,CAR,-17.937668004585763,-6.547587364019903,-7.357176141185347,0.0,0.0,0.013089595571344396,0.999914327574007,3.3200000000000003,2.09,1.45,,,787,62.57665540896468,1688626664.1409585
11,c05bfc3e-0ca6-4009-8532-fea514b4d6a7,VAN,-11.493648306928387,-6.3089972693651655,-7.1437904834747314,0.0,0.0,0.03925981575906871,0.9992290362407229,5.203435328079538,2.15,1.49104642868042,,,5566,266.9398431788798,1688626664.1409585
11,fa6c29da-87a5-4ea9-aaa7-142e4a38cfa1,CAR,-8.368878462758662,-2.5311251012125613,-6.9,0.0,0.0,0.029995500202495747,0.9995500337489875,4.7,2.09,1.45,,,1170,65.71487746913472,1688626664.1409585
11,5a75d428-3456-42a1-8eaa-f5b4c5573990,TRAILER,27.209618234420535,-8.58671942398793,-5.0361738204956055,0.0,0.0,0.7311458297268959,0.6822212072876135,13.89,3.2141783237457275,4.391101360321045,s110_lidar_ouster_south,,4143,16.906715499328556,1688626664.1409585
11,a570cc9b-89f8-46e9-a4ab-e4b1a241e2f5,TRUCK,109.69908126998479,16.383438183617137,-3.191458547544012,0.0,0.0,-0.998710143975583,0.05077448493357918,3.5300000000000002,3.36,3.96,,,8,0.13626075949022123,1688626664.1409585
11,5c0699cc-f28f-4efa-9385-187a3b55f367,CAR,40.97402893909321,0.4102603824195043,-6.261993248277204,0.0,0.0,0.07991469396917283,0.9968017063026193,4.39,1.8854008913040161,1.512260913848877,s110_lidar_ouster_south,,0,0.0,1688626664.1409585
7,ff39ed8c-8c9b-4a58-8899-2d737610b747,BUS,19.094823325249777,31.708095600290882,-6.101840019226074,0.0,0.0,-0.7643289370255052,0.644826547240001,13.217904090881348,3.2098560333251953,3.7107508182525635,s110_lidar_ouster_south,NOT_OCCLUDED,419,1.889567581741488,1688626663.740889
7,7f03a5a7-1d02-45f8-8706-716d2fafdc0f,CAR,41.96182127456223,10.822400798829346,-6.380436420440674,0.0,0.0,-0.997836202477347,0.06574886330262336,4.057522773742676,1.8849234580993652,1.5228291749954224,s110_lidar_ouster_south,NOT_OCCLUDED,15,0.9144158257445558,1688626663.740889
7,9a65a3ef-fea2-4254-a8b8-0fb50e077378,TRUCK,24.448669594055648,-22.042099855221764,-5.468687057495117,0.0,0.0,0.7311458297268959,0.6822212072876135,2.740044355392456,2.9319772720336914,3.555121660232544,s110_lidar_ouster_south,,574,16.0778961601446,1688626663.740889
7,5c0699cc-f28f-4efa-9385-187a3b55f367,CAR,38.252392429706816,-0.20620742054906405,-6.261995315551758,0.0,0.0,0.16425233099048098,0.9864183553463477,4.39,1.8854008913040161,1.512260913848877,s110_lidar_ouster_south,,103,6.583127340698197,1688626663.740889
7,4aa2a154-5540-4bde-9c36-7af16f6c6282,CAR,43.93361859973855,14.476117655862287,-6.549208641052246,0.0,0.0,-0.997836202477347,0.06574886330262336,4.095294952392578,2.1,1.5567948818206787,s110_lidar_ouster_south,NOT_OCCLUDED,32,1.6969633042953942,1688626663.740889
7,a8733744-300f-48b5-bbbc-8ac9c2b9a4a0,PEDESTRIAN,30.83098154608672,20.310664975022274,-6.761412620544434,0.0,0.0,-0.9903207108832308,0.13879801726153157,0.717009425163269,0.7428040504455566,1.7209641933441162,s110_lidar_ouster_south,NOT_OCCLUDED,23,17.816205874150363,1688626663.740889
7,8e7a2d14-d234-4ecc-bc81-59ee1794a9bc,CAR,53.11897277832031,15.035331726074219,-6.148396948505798,0.0,0.0,-0.9975847945969275,0.06945917929983057,4.111781597137451,1.8610159158706665,1.5071532726287842,s110_lidar_ouster_south,NOT_OCCLUDED,11,0.6771946012693504,1688626663.740889
7,d055655d-8bc9-4770-bdd9-f36768319779,TRAILER,25.05942652124772,-30.654515834244613,-5.19630241394043,0.0,0.0,0.7311458297268959,0.6822212072876135,14.365885734558105,3.0818474292755127,4.265311241149902,s110_lidar_ouster_south,,1171,4.960810212755227,1688626663.740889
7,3cd41799-d086-4ec0-a649-1b51150b211b,TRUCK,26.85801539795186,-3.79835793554847,-5.123210430145264,0.0,0.0,0.7318143887354651,0.6815039988435413,3.0528552532196045,3.0820817947387695,4.197370529174805,s110_lidar_ouster_south,,924,18.716915332644255,1688626663.740889
7,c31fb1a1-c2e4-469c-b5cb-26fb8874a893,CAR,48.158549594104834,11.354006118358072,-5.973955414370973,0.0,0.0,-0.997836202477347,0.06574886330262336,4.044475555419922,2.0,1.5814357995986938,s110_lidar_ouster_south,PARTIALLY_OCCLUDED,20,0.5628448802152622,1688626663.740889
7,4d2c6535-ad01-4c5b-8401-494855226f76,CAR,47.853558530274235,32.73601778755372,-6.465798954232057,0.0,0.0,-0.8723554823449863,0.4888720818605275,4.7,2.09,1.45,,PARTIALLY_OCCLUDED,2,0.05054990574548824,1688626663.740889
7,090bdb21-9121-4b77-aea0-aac6d1c0e479,CAR,45.199613292931055,-2.841862466909326,-6.0474653244018555,0.0,0.0,0.1494381324735992,0.9887710779360422,4.626152515411377,2.087339401245117,1.899446725845337,s110_lidar_ouster_south,,21,0.9159444739314199,1688626663.740889
7,1719f6a5-6fe4-4cd2-97f8-e989ad36254c,CAR,60.057792245727114,15.703841393560584,-5.974930557826384,0.0,0.0,-0.998710143975583,0.05077448493357918,4.7,2.02,1.45,,MOSTLY_OCCLUDED,0,0.0,1688626663.740889
7,34caa369-bf29-4889-b2fc-29bf486af738,CAR,42.626414471909385,7.318071977532891,-6.2928608093359095,0.0,0.0,-0.997836202477347,0.06574886330262336,4.7,2.09,1.45,,,40,2.2466624775772557,1688626663.740889
7,c003b325-3f93-401b-93da-66a2e954fa92,CAR,47.853558530274235,32.73601778755372,-6.465798954232057,0.0,0.0,-0.8723554823449863,0.4888720818605275,4.7,2.09,1.45,,NOT_OCCLUDED,2,0.0996956474424907,1688626663.740889
7,4cb9d60e-6053-43a6-b1f8-48a5199cb13a,CAR,54.871186911749255,11.997314270330511,-5.828043090193794,0.0,0.0,-0.997836202477347,0.06574886330262336,4.83,2.09,1.45,,MOSTLY_OCCLUDED,3,0.004099112439679002,1688626663.740889
7,08885319-d8f6-4c45-b8d1-4c092e4861dc,PEDESTRIAN,30.855321205949217,21.108554374461654,-6.9,0.0,0.0,-0.9999996829318346,0.0007963267107332633,0.73,0.71,1.75,,,21,18.52209145282655,1688626663.740889
7,907063a5-adc0-4a68-a52a-6c9b8feb2ee9,PEDESTRIAN,41.893910551928755,-11.861331278588581,-6.0600000000000005,0.0,0.0,-0.7277255985995505,0.6858683934567373,0.8300000000000001,0.79,1.75,,,0,0.0,1688626663.740889
7,6f1b07a3-5f6b-4178-8092-f227863b597d,PEDESTRIAN,41.13240551057551,-12.50358511947169,-6.0600000000000005,0.0,0.0,-0.7032794192004101,0.7109135380122774,0.73,0.71,1.75,,,0,0.0,1688626663.740889
7,19348daf-2511-4a2f-818c-dc8cbd8bf870,PEDESTRIAN,35.395780190727,5.611157775312181,-6.058385636035536,0.0,0.0,0.7864251549526741,0.6176855799334016,0.8300000000000001,0.79,1.75,,,23,16.03520773873069,1688626663.740889
7,74c64f31-b596-4453-b1b2-0557c590ea06,TRUCK,25.809230060293032,-44.61406228065186,-5.6637091636657715,0.0,0.0,0.7311458297268959,0.6822212072876135,2.24,2.72,3.96,s110_lidar_ouster_south,,138,4.575693913929206,1688626663.740889
7,f607edbb-f2f2-4861-9a06-0f34dabfebd0,TRAILER,26.276812657529323,-49.24930967217805,-5.203271361962503,0.0,0.0,0.7311458297268959,0.6822212072876135,7.09,2.8000000000000003,3.96,,,56,0.5698736305224317,1688626663.740889
7,f82a8b13-9942-497f-b23f-4ba57e173216,CAR,-17.937668004585763,-6.547587364019903,-7.357176141185347,0.0,0.0,0.013089595571344396,0.999914327574007,3.3200000000000003,2.09,1.45,,,783,62.25860379316308,1688626663.740889
7,c05bfc3e-0ca6-4009-8532-fea514b4d6a7,VAN,-11.493648306928387,-6.3089972693651655,-7.1437904834747314,0.0,0.0,0.03925981575906871,0.9992290362407229,5.203435328079538,2.15,1.49104642868042,,,5541,265.74086795799013,1688626663.740889
7,fa6c29da-87a5-4ea9-aaa7-142e4a38cfa1,CAR,-8.368878462758662,-2.5311251012125613,-6.9,0.0,0.0,0.029995500202495747,0.9995500337489875,4.7,2.09,1.45,,,1176,66.05187684077131,1688626663.740889
7,5a75d428-3456-42a1-8eaa-f5b4c5573990,TRAILER,27.409618234420538,-12.18671942398798,-5.0361738204956055,0.0,0.0,0.7311458297268959,0.6822212072876135,13.89,3.2141783237457275,4.391101360321045,s110_lidar_ouster_south,,3566,14.552099317066288,1688626663.740889
7,a570cc9b-89f8-46e9-a4ab-e4b1a241e2f5,TRUCK,114.25311182106373,17.267014546227152,-3.191458547544012,0.0,0.0,-0.998710143975583,0.05077448493357918,3.5300000000000002,3.36,3.96,,,7,0.11922816455394358,1688626663.740889
0,ff39ed8c-8c9b-4a58-8899-2d737610b747,BUS,19.094823325249777,31.708095600290882,-6.101840019226074,0.0,0.0,-0.7643289370255052,0.644826547240001,13.217904090881348,3.2098560333251953,3.7107508182525635,s110_lidar_ouster_south,NOT_OCCLUDED,425,1.9166258287353997,1688626663.0409656
0,7f03a5a7-1d02-45f8-8706-716d2fafdc0f,CAR,41.96182127456223,10.822400798829346,-6.380436420440674,0.0,0.0,-0.997836202477347,0.06574886330262336,4.057522773742676,1.8849234580993652,1.5228291749954224,s110_lidar_ouster_south,NOT_OCCLUDED,14,0.8534547706949187,1688626663.0409656
0,9a65a3ef-fea2-4254-a8b8-0fb50e077378,TRUCK,24.55755031675337,-23.5935239862296,-5.468687057495117,0.0,0.0,0.7311458297268959,0.6822212072876135,2.740044355392456,2.9319772720336914,3.555121660232544,s110_lidar_ouster_south,,488,13.66901276332851,1688626663.0409656
0,5c0699cc-f28f-4efa-9385-187a3b55f367,CAR,35.6626174543058,-1.2837605991685255,-6.261995315551758,0.0,0.0,0.3002931752092616,0.953846952567727,4.39,1.8854008913040161,1.512260913848877,s110_lidar_ouster_south,,161,10.290131085945726,1688626663.0409656
0,4aa2a154-5540-4bde-9c36-7af16f6c6282,CAR,43.93361859973855,14.476117655862287,-6.549208641052246,0.0,0.0,-0.997836202477347,0.06574886330262336,4.095294952392578,2.1,1.5567948818206787,s110_lidar_ouster_south,NOT_OCCLUDED,30,1.590903097776932,1688626663.0409656
0,a8733744-300f-48b5-bbbc-8ac9c2b9a4a0,PEDESTRIAN,30.83098154608672,20.310664975022274,-6.761412620544434,0.0,0.0,-0.9903207108832308,0.13879801726153157,0.717009425163269,0.7428040504455566,1.7209641933441162,s110_lidar_ouster_south,NOT_OCCLUDED,24,18.590823520852553,1688626663.0409656
0,8e7a2d14-d234-4ecc-bc81-59ee1794a9bc,CAR,53.11897277832031,15.035331726074219,-6.148396948505798,0.0,0.0,-0.9975847945969275,0.06945917929983057,4.111781597137451,1.8610159158706665,1.5071532726287842,s110_lidar_ouster_south,NOT_OCCLUDED,13,0.8003208924092322,1688626663.0409656
0,d055655d-8bc9-4770-bdd9-f36768319779,TRAILER,25.183281190259045,-32.26376796684733,-5.19630241394043,0.0,0.0,0.7311458297268959,0.6822212072876135,14.365885734558105,3.0818474292755127,4.265311241149902,s110_lidar_ouster_south,,1062,4.499043933344194,1688626663.0409656
0,3cd41799-d086-4ec0-a649-1b51150b211b,TRUCK,27.302497400327653,-9.804464654136293,-5.123210430145264,0.0,0.0,0.7318143887354651,0.6815039988435413,3.0528552532196045,3.0820817947387695,4.197370529174805,s110_lidar_ouster_south,,785,15.901275471997554,1688626663.0409656
0,c31fb1a1-c2e4-469c-b5cb-26fb8874a893,CAR,48.158549594104834,11.354006118358072,-5.973955414370973,0.0,0.0,-0.997836202477347,0.06574886330262336,4.044475555419922,2.0,1.5814357995986938,s110_lidar_ouster_south,PARTIALLY_OCCLUDED,21,0.5909871242260253,1688626663.0409656
0,5a75d428-3456-42a1-8eaa-f5b4c5573990,TRAILER,27.859618234420545,-18.336719423988068,-5.0361738204956055,0.0,0.0,0.7311458297268959,0.6822212072876135,13.89,3.2141783237457275,4.391101360321045,s110_lidar_ouster_south,,2457,10.026502530014547,1688626663.0409656
0,74c64f31-b596-4453-b1b2-0557c590ea06,TRUCK,25.772537176769532,-44.59732706234105,-5.276639215508648,0.0,0.0,0.7311458297268959,0.6822212072876135,2.24,2.72,3.96,s110_lidar_ouster_south,,132,4.376750700280112,1688626663.0409656
0,4d2c6535-ad01-4c5b-8401-494855226f76,CAR,47.853558530274235,32.73601778755372,-6.465798954232057,0.0,0.0,-0.8723554823449863,0.4888720818605275,4.7,2.09,1.45,,PARTIALLY_OCCLUDED,2,0.05054990574548824,1688626663.0409656
0,090bdb21-9121-4b77-aea0-aac6d1c0e479,CAR,41.191213750434166,-4.155244430498676,-6.0474653244018555,0.0,0.0,0.18902596758534668,0.9819720890017309,4.626152515411377,2.087339401245117,1.899446725845337,s110_lidar_ouster_south,,45,1.962738158424471,1688626663.0409656
0,1719f6a5-6fe4-4cd2-97f8-e989ad36254c,CAR,60.057792245727114,15.703841393560584,-5.974930557826384,0.0,0.0,-0.998710143975583,0.05077448493357918,4.7,2.02,1.45,,MOSTLY_OCCLUDED,0,0.0,1688626663.0409656
0,34caa369-bf29-4889-b2fc-29bf486af738,CAR,42.626414471909385,7.318071977532891,-6.2928608093359095,0.0,0.0,-0.997836202477347,0.06574886330262336,4.7,2.09,1.45,,,47,2.639828411153275,1688626663.0409656
0,c003b325-3f93-401b-93da-66a2e954fa92,CAR,47.853558530274235,32.73601778755372,-6.465798954232057,0.0,0.0,-0.8723554823449863,0.4888720818605275,4.7,2.09,1.45,,NOT_OCCLUDED,2,0.0996956474424907,1688626663.0409656
0,4cb9d60e-6053-43a6-b1f8-48a5199cb13a,CAR,54.871186911749255,11.997314270330511,-5.828043090193794,0.0,0.0,-0.997836202477347,0.06574886330262336,4.83,2.09,1.45,,MOSTLY_OCCLUDED,4,0.005465483252905337,1688626663.0409656
0,08885319-d8f6-4c45-b8d1-4c092e4861dc,PEDESTRIAN,30.855321205949217,21.108554374461654,-6.9,0.0,0.0,-0.9854497299884603,0.16996714290024081,0.73,0.71,1.75,,,19,16.758082743033544,1688626663.0409656
0,19348daf-2511-4a2f-818c-dc8cbd8bf870,PEDESTRIAN,35.50909050134128,4.456279592223808,-6.086899029229946,0.0,0.0,0.7864251549526741,0.6176855799334016,0.8300000000000001,0.79,1.75,,,29,20.218305409703916,1688626663.0409656
0,907063a5-adc0-4a68-a52a-6c9b8feb2ee9,PEDESTRIAN,41.28219093616914,-10.943935781334734,-6.0600000000000005,0.0,0.0,-0.7277255985995505,0.6858683934567373,0.8300000000000001,0.79,1.75,,,27,18.823939519379508,1688626663.0409656
0,6f1b07a3-5f6b-4178-8092-f227863b597d,PEDESTRIAN,40.62118306319372,-11.858990819994753,-6.0600000000000005,0.0,0.0,-0.7032794192004101,0.7109135380122774,0.73,0.71,1.75,,,11,9.702047903861526,1688626663.0409656
0,f607edbb-f2f2-4861-9a06-0f34dabfebd0,TRAILER,26.276812657529323,-49.24930967217805,-5.203271361962503,0.0,0.0,0.7311458297268959,0.6822212072876135,7.09,2.8000000000000003,3.96,,,69,0.7021657233222819,1688626663.0409656
0,f82a8b13-9942-497f-b23f-4ba57e173216,CAR,-17.937668004585763,-6.547587364019903,-7.357176141185347,0.0,0.0,0.013089595571344398,0.999914327574007,3.3200000000000003,2.09,1.45,,,770,61.22493604180789,1688626663.0409656
0,c05bfc3e-0ca6-4009-8532-fea514b4d6a7,VAN,-11.493648306928387,-6.3089972693651655,-7.1437904834747314,0.0,0.0,0.03925981575906871,0.9992290362407229,5.203435328079538,2.15,1.49104642868042,,,5548,266.07658101983924,1688626663.0409656
0,fa6c29da-87a5-4ea9-aaa7-142e4a38cfa1,CAR,-8.368878462758662,-2.5311251012125613,-6.9,0.0,0.0,0.029995500202495744,0.9995500337489875,4.7,2.09,1.45,,,1155,64.87237904004324,1688626663.0409656
97,b10437fa-952f-4bdb-b6e4-c10e1ba26111,TRUCK,41.37602323711312,14.128860758146176,-5.41261515828061,0.0,0.0,0.049979169270678206,0.9987502603949663,2.79,2.73,3.7800000000000002,s110_lidar_ouster_south,,197,-1.0,1688626541.743917
97,7ce97d8a-55bf-4e90-83b5-816c4266dd92,TRAILER,49.684265203463895,14.948928398196875,-5.2895782078957545,0.0,0.0,-0.998710143975583,0.05077448493357918,13.82,2.7,4.07,s110_lidar_ouster_south,,500,-1.0,1688626541.743917
97,bd3b37ef-ac86-48dc-bc02-becb8f602e9c,CAR,27.06428017065556,-2.8797494134258725,-6.33267362164886,0.0,0.0,-0.479425538604203,0.8775825618903728,4.3,2.16,1.8,s110_lidar_ouster_south,,584,-1.0,1688626541.743917
97,7b316774-5d87-4dd1-ab4f-a27eca70d3fa,PEDESTRIAN,34.0341479392801,16.32116435575611,-6.821403751798897,0.0,0.0,-0.636537182221968,0.7712460149971065,0.62,0.58,1.74,s110_lidar_ouster_south,,27,-1.0,1688626541.743917
97,06d2d180-4cce-4a9f-af08-f1d0f43e86d0,PEDESTRIAN,36.39777367743347,16.989253478910783,-6.746213692862126,0.0,0.0,-0.636537182221968,0.7712460149971065,0.52,0.51,1.72,s110_lidar_ouster_south,,5,-1.0,1688626541.743917
97,1b273ab8-3cac-4954-88a5-cd5d0ae2dba6,PEDESTRIAN,35.28345730825114,16.56485547000866,-6.738284376143176,0.0,0.0,-0.636537182221968,0.7712460149971065,0.62,0.66,1.74,s110_lidar_ouster_south,,26,-1.0,1688626541.743917
97,1266f0ee-ae13-476c-a513-1a688af620af,CAR,11.84331205074801,29.55401766726811,-7.313703906775278,0.0,0.0,-0.7925625868748546,0.6097905754324501,4.09,1.98,1.67,s110_lidar_ouster_south,,120,-1.0,1688626541.743917
97,912301db-42d3-4f25-b8d4-8c762021884f,PEDESTRIAN,35.715572922978964,18.01677146985435,-6.763531430925624,0.0,0.0,-0.49688013784373675,0.8678191796776499,0.9500000000000001,0.61,1.95,s110_lidar_ouster_south,,7,-1.0,1688626541.743917
97,f82f2878-e502-43ce-ac0f-71d4dfde6c45,VAN,16.157689237469512,32.86242132251349,-6.4862265889373845,0.0,0.0,-0.7707388788989694,0.63715114419858,11.214690624615823,2.88,2.98,s110_lidar_ouster_south,,175,-1.0,1688626541.743917
97,2171d6a1-8b87-46c7-bf69-1f89ab2fa963,VAN,12.970607471068032,35.89170881630406,-7.124284488244717,0.0,0.0,-0.7833269096274834,0.6216099682706644,3.98,1.8669719861223,1.6085195541381836,s110_lidar_ouster_south,,51,-1.0,1688626541.743917
97,e574e265-b073-4788-ac29-e8529c9c88b9,PEDESTRIAN,32.90798543432481,16.688614927810757,-6.737963683144821,0.0,0.0,-0.6779718104557149,0.7350879023813411,0.62,0.64,1.85,s110_lidar_ouster_south,,30,-1.0,1688626541.743917
97,5029202e-a78d-411e-ad2f-d43b3cecf0e9,TRUCK,21.09663885641638,2.879390631277478,-5.802854794762312,0.0,0.0,-0.9788985681235746,0.20434674777352183,1.6,2.8000000000000003,2.13,s110_lidar_ouster_south,,537,-1.0,1688626541.743917
97,5bde65a4-dbae-4aad-acfa-83f343881a74,TRAILER,24.937464781106158,4.595353185795296,-5.062691875710608,0.0,0.0,-0.9788985681235746,0.20434674777352183,6.79,2.88,3.37,s110_lidar_ouster_south,,956,-1.0,1688626541.743917
97,03edb46f-204c-449c-9c9a-575f00b2f8ac,VAN,59.076154050011425,11.944883925300264,-5.810320915490316,0.0,0.0,-0.998710143975583,0.05077448493357918,5.17,2.13,2.83,s110_lidar_ouster_south,,84,-1.0,1688626541.743917
97,fc1bb48d-1329-4144-b188-286f3bf21e06,CAR,36.42744125324612,6.700571776398516,-6.0611469215018925,0.0,0.0,-0.998710143975583,0.05077448493357918,4.7,2.09,2.16,s110_lidar_ouster_south,,248,-1.0,1688626541.743917
97,066dfff8-1b64-4224-9ca1-3a7f74b7a329,CAR,51.03489683122721,11.39831687912067,-6.405047717485286,0.0,0.0,-0.9974949866040544,0.0707372016677029,4.002910665314884,2.13,1.85,s110_lidar_ouster_south,,55,-1.0,1688626541.743917
94,b10437fa-952f-4bdb-b6e4-c10e1ba26111,TRUCK,41.37602323711312,14.128860758146176,-5.41261515828061,0.0,0.0,0.049979169270678206,0.9987502603949663,2.79,2.73,3.7800000000000002,s110_lidar_ouster_south,,167,-1.0,1688626541.443676
94,7ce97d8a-55bf-4e90-83b5-816c4266dd92,TRAILER,49.684265203463895,14.948928398196875,-5.2895782078957545,0.0,0.0,-0.998710143975583,0.05077448493357918,13.82,2.7,4.07,s110_lidar_ouster_south,,479,-1.0,1688626541.443676
94,bd3b37ef-ac86-48dc-bc02-becb8f602e9c,CAR,26.50321342642339,-2.2520065708275574,-6.33267362164886,0.0,0.0,-0.5563610229127838,0.8309406791001636,4.3,2.16,1.8,s110_lidar_ouster_south,,574,-1.0,1688626541.443676
94,7b316774-5d87-4dd1-ab4f-a27eca70d3fa,PEDESTRIAN,34.0341479392801,16.32116435575611,-6.821403751798897,0.0,0.0,-0.636537182221968,0.7712460149971065,0.62,0.58,1.74,s110_lidar_ouster_south,,28,-1.0,1688626541.443676
94,06d2d180-4cce-4a9f-af08-f1d0f43e86d0,PEDESTRIAN,36.39777367743347,16.989253478910783,-6.746213692862126,0.0,0.0,-0.636537182221968,0.7712460149971065,0.52,0.51,1.72,s110_lidar_ouster_south,,2,-1.0,1688626541.443676
94,1b273ab8-3cac-4954-88a5-cd5d0ae2dba6,PEDESTRIAN,35.28345730825114,16.56485547000866,-6.738284376143176,0.0,0.0,-0.636537182221968,0.7712460149971065,0.62,0.66,1.74,s110_lidar_ouster_south,,27,-1.0,1688626541.443676
94,1266f0ee-ae13-476c-a513-1a688af620af,CAR,11.84331205074801,29.55401766726811,-7.313703906775278,0.0,0.0,-0.7925625868748546,0.6097905754324501,4.09,1.98,1.67,s110_lidar_ouster_south,,119,-1.0,1688626541.443676
94,912301db-42d3-4f25-b8d4-8c762021884f,PEDESTRIAN,35.715572922978964,18.01677146985435,-6.763531430925624,0.0,0.0,-0.49688013784373675,0.8678191796776499,0.9500000000000001,0.61,1.95,s110_lidar_ouster_south,,9,-1.0,1688626541.443676
94,f82f2878-e502-43ce-ac0f-71d4dfde6c45,VAN,16.157689237469512,32.86242132251349,-6.4862265889373845,0.0,0.0,-0.7707388788989694,0.63715114419858,11.214690624615823,2.88,2.98,s110_lidar_ouster_south,,195,-1.0,1688626541.443676
94,2171d6a1-8b87-46c7-bf69-1f89ab2fa963,VAN,12.970607471068032,35.89170881630406,-7.124284488244717,0.0,0.0,-0.7833269096274834,0.6216099682706644,3.98,1.8669719861223,1.6085195541381836,s110_lidar_ouster_south,,49,-1.0,1688626541.443676
94,e574e265-b073-4788-ac29-e8529c9c88b9,PEDESTRIAN,32.90798543432481,16.688614927810757,-6.737963683144821,0.0,0.0,-0.6779718104557149,0.7350879023813411,0.62,0.64,1.85,s110_lidar_ouster_south,,32,-1.0,1688626541.443676
94,5029202e-a78d-411e-ad2f-d43b3cecf0e9,TRUCK,22.404409242972367,3.9519520521409577,-5.802854794762312,0.0,0.0,-0.9878882805105652,0.15516683031459658,1.6,2.8000000000000003,2.13,s110_lidar_ouster_south,,455,-1.0,1688626541.443676
94,5bde65a4-dbae-4aad-acfa-83f343881a74,TRAILER,26.48729359244649,5.303196015109149,-5.062691875710608,0.0,0.0,-0.9878882805105652,0.15516683031459658,6.79,2.88,3.37,s110_lidar_ouster_south,,805,-1.0,1688626541.443676
94,03edb46f-204c-449c-9c9a-575f00b2f8ac,VAN,59.076154050011425,11.944883925300264,-5.810320915490316,0.0,0.0,-0.998710143975583,0.05077448493357918,5.17,2.13,2.83,s110_lidar_ouster_south,,82,-1.0,1688626541.443676
94,fc1bb48d-1329-4144-b188-286f3bf21e06,CAR,37.99553149621691,6.794356557082704,-6.0611469215018925,0.0,0.0,-0.998710143975583,0.05077448493357918,4.7,2.09,2.16,s110_lidar_ouster_south,,234,-1.0,1688626541.443676
94,066dfff8-1b64-4224-9ca1-3a7f74b7a329,CAR,51.03489683122721,11.39831687912067,-6.405047717485286,0.0,0.0,-0.9974949866040544,0.0707372016677029,4.002910665314884,2.13,1.85,s110_lidar_ouster_south,,58,-1.0,1688626541.443676
71,a7a6eb27-24c5-4e66-8dd4-930efae1dd8a,CAR,42.76920473311612,10.394275641038258,-6.060927982330328,0.0,0.0,-0.998710143975583,0.05077448493357918,3.98,2.0,2.31,s110_lidar_ouster_south,,45,-1.0,1688626539.143677
71,b10437fa-952f-4bdb-b6e4-c10e1ba26111,TRUCK,41.37602323711312,14.128860758146176,-5.41261515828061,0.0,0.0,0.04997916927067821,0.9987502603949663,2.79,2.73,3.7800000000000002,s110_lidar_ouster_south,,127,-1.0,1688626539.143677
71,7ce97d8a-55bf-4e90-83b5-816c4266dd92,TRAILER,49.684265203463895,14.948928398196875,-5.2895782078957545,0.0,0.0,-0.998710143975583,0.05077448493357918,13.82,2.7,4.07,s110_lidar_ouster_south,,406,-1.0,1688626539.143677
71,bd3b37ef-ac86-48dc-bc02-becb8f602e9c,CAR,26.447815390074425,4.232670297246956,-6.33267362164886,0.0,0.0,-0.9520903415905158,0.30581690837828934,4.3,2.16,1.8,s110_lidar_ouster_south,,412,-1.0,1688626539.143677
71,7b316774-5d87-4dd1-ab4f-a27eca70d3fa,PEDESTRIAN,34.0341479392801,16.32116435575611,-6.821403751798897,0.0,0.0,-0.636537182221968,0.7712460149971065,0.62,0.58,1.74,s110_lidar_ouster_south,,33,-1.0,1688626539.143677
71,06d2d180-4cce-4a9f-af08-f1d0f43e86d0,PEDESTRIAN,36.39777367743347,16.989253478910783,-6.746213692862126,0.0,0.0,-0.636537182221968,0.7712460149971065,0.52,0.51,1.72,s110_lidar_ouster_south,,9,-1.0,1688626539.143677
71,1b273ab8-3cac-4954-88a5-cd5d0ae2dba6,PEDESTRIAN,35.174733349917794,16.702608585273527,-6.738284376143176,0.0,0.0,-0.636537182221968,0.7712460149971065,0.62,0.66,1.74,s110_lidar_ouster_south,,17,-1.0,1688626539.143677
71,1266f0ee-ae13-476c-a513-1a688af620af,CAR,11.84331205074801,29.55401766726811,-7.313703906775278,0.0,0.0,-0.7925625868748546,0.6097905754324501,4.09,1.98,1.67,s110_lidar_ouster_south,,114,-1.0,1688626539.143677
71,912301db-42d3-4f25-b8d4-8c762021884f,PEDESTRIAN,35.593177089645636,18.42548772115258,-6.763531430925624,0.0,0.0,-0.49688013784373675,0.8678191796776499,0.9500000000000001,0.61,1.95,s110_lidar_ouster_south,,8,-1.0,1688626539.143677
71,f82f2878-e502-43ce-ac0f-71d4dfde6c45,VAN,16.157689237469512,32.86242132251349,-6.4862265889373845,0.0,0.0,-0.7707388788989694,0.63715114419858,11.214690624615823,2.88,2.98,s110_lidar_ouster_south,,210,-1.0,1688626539.143677
71,2171d6a1-8b87-46c7-bf69-1f89ab2fa963,VAN,12.970607471068032,35.89170881630406,-7.124284488244717,0.0,0.0,-0.7833269096274834,0.6216099682706644,3.98,1.8669719861223,1.6085195541381836,s110_lidar_ouster_south,,45,-1.0,1688626539.143677
71,e574e265-b073-4788-ac29-e8529c9c88b9,PEDESTRIAN,32.90798543432481,16.688614927810757,-6.737963683144821,0.0,0.0,-0.6779718104557149,0.7350879023813413,0.62,0.64,1.85,s110_lidar_ouster_south,,30,-1.0,1688626539.143677
71,5029202e-a78d-411e-ad2f-d43b3cecf0e9,TRUCK,33.439318547921786,6.451923399377624,-5.802854794762312,0.0,0.0,-0.998710143975583,0.05077448493357918,1.6,2.8000000000000003,2.13,s110_lidar_ouster_south,,176,-1.0,1688626539.143677
71,5bde65a4-dbae-4aad-acfa-83f343881a74,TRAILER,37.714784269827376,6.872014006169778,-5.062691875710608,0.0,0.0,-0.998710143975583,0.05077448493357918,6.79,2.88,3.37,s110_lidar_ouster_south,,596,-1.0,1688626539.143677
71,03edb46f-204c-449c-9c9a-575f00b2f8ac,VAN,59.076154050011425,11.944883925300264,-5.810320915490316,0.0,0.0,-0.998710143975583,0.05077448493357918,5.17,2.13,2.83,s110_lidar_ouster_south,,27,-1.0,1688626539.143677
71,a1531a29-5bca-4d2c-bce1-330c8b0d550c,CAR,51.09067603082997,11.316517137483856,-6.143527746498735,0.0,0.0,-0.9974949866040544,0.0707372016677029,4.09,1.85,1.8,s110_lidar_ouster_south,,56,-1.0,1688626539.143677
71,fc1bb48d-1329-4144-b188-286f3bf21e06,CAR,55.51563212338114,8.111089530574196,-6.0611469215018925,0.0,0.0,-0.998710143975583,0.05077448493357918,4.7,2.09,2.16,s110_lidar_ouster_south,,80,-1.0,1688626539.143677
63,f3cdd17e-3c51-4e94-aea4-693bee384265,CAR,55.92804436831484,1.127422199822551,-6.414265207290427,0.0,0.0,0.09983341664682815,0.9950041652780258,4.3,2.11,1.72,s110_lidar_ouster_south,,32,-1.0,1688626538.3436472
63,3dffb6f4-7ece-4506-b835-4cc668143705,CAR,12.466405170288427,-20.95231243948997,-6.704640799077095,0.0,0.0,-0.7138636049350369,0.7002847660410396,4.3,1.77,1.62,s110_lidar_ouster_south,,667,-1.0,1688626538.3436472
63,a7a6eb27-24c5-4e66-8dd4-930efae1dd8a,CAR,42.76920473311612,10.394275641038258,-6.060927982330328,0.0,0.0,-0.998710143975583,0.05077448493357918,3.98,2.0,2.31,s110_lidar_ouster_south,,17,-1.0,1688626538.3436472
63,b10437fa-952f-4bdb-b6e4-c10e1ba26111,TRUCK,41.37602323711312,14.128860758146176,-5.41261515828061,0.0,0.0,0.04997916927067821,0.9987502603949663,2.79,2.73,3.7800000000000002,s110_lidar_ouster_south,,151,-1.0,1688626538.3436472
63,7ce97d8a-55bf-4e90-83b5-816c4266dd92,TRAILER,49.684265203463895,14.948928398196875,-5.2895782078957545,0.0,0.0,-0.998710143975583,0.05077448493357918,13.82,2.7,4.07,s110_lidar_ouster_south,,181,-1.0,1688626538.3436472
63,bd3b37ef-ac86-48dc-bc02-becb8f602e9c,CAR,28.88834362585519,5.857456828257601,-6.33267362164886,0.0,0.0,-0.9907938391616198,0.13537934953078465,4.3,2.16,1.8,s110_lidar_ouster_south,,307,-1.0,1688626538.3436472
63,7b316774-5d87-4dd1-ab4f-a27eca70d3fa,PEDESTRIAN,34.0341479392801,16.32116435575611,-6.821403751798897,0.0,0.0,-0.636537182221968,0.7712460149971065,0.62,0.58,1.74,s110_lidar_ouster_south,,31,-1.0,1688626538.3436472
63,06d2d180-4cce-4a9f-af08-f1d0f43e86d0,PEDESTRIAN,36.39777367743347,16.989253478910783,-6.746213692862126,0.0,0.0,-0.636537182221968,0.7712460149971065,0.52,0.51,1.72,s110_lidar_ouster_south,,15,-1.0,1688626538.3436472
63,1b273ab8-3cac-4954-88a5-cd5d0ae2dba6,PEDESTRIAN,35.236256787417794,16.784222032833274,-6.738284376143176,0.0,0.0,-0.636537182221968,0.7712460149971065,0.62,0.66,1.74,s110_lidar_ouster_south,,21,-1.0,1688626538.3436472
63,1266f0ee-ae13-476c-a513-1a688af620af,CAR,11.84331205074801,29.55401766726811,-7.313703906775278,0.0,0.0,-0.7925625868748546,0.6097905754324501,4.09,1.98,1.67,s110_lidar_ouster_south,,119,-1.0,1688626538.3436472
63,912301db-42d3-4f25-b8d4-8c762021884f,PEDESTRIAN,35.66373289010944,18.85382423713996,-6.763531430925624,0.0,0.0,-0.49688013784373675,0.8678191796776499,0.9500000000000001,0.61,1.95,s110_lidar_ouster_south,,22,-1.0,1688626538.3436472
63,f82f2878-e502-43ce-ac0f-71d4dfde6c45,VAN,16.260148917793746,32.987916434479764,-6.4862265889373845,0.0,0.0,-0.7707388788989694,0.63715114419858,11.214690624615823,2.88,2.98,s110_lidar_ouster_south,,205,-1.0,1688626538.3436472
63,2171d6a1-8b87-46c7-bf69-1f89ab2fa963,VAN,12.970607471068032,35.89170881630406,-7.124284488244717,0.0,0.0,-0.7833269096274834,0.6216099682706644,3.98,1.8669719861223,1.6085195541381836,s110_lidar_ouster_south,,51,-1.0,1688626538.3436472
63,e574e265-b073-4788-ac29-e8529c9c88b9,PEDESTRIAN,32.90798543432481,16.688614927810757,-6.737963683144821,0.0,0.0,-0.6779718104557149,0.7350879023813413,0.62,0.64,1.85,s110_lidar_ouster_south,,18,-1.0,1688626538.3436472
63,5029202e-a78d-411e-ad2f-d43b3cecf0e9,TRUCK,37.78423833132371,6.784548685616004,-5.802854745272833,0.0,0.0,-0.998710143975583,0.05077448493357918,1.6,2.8000000000000003,2.13,s110_lidar_ouster_south,,201,-1.0,1688626538.3436472
63,5bde65a4-dbae-4aad-acfa-83f343881a74,TRAILER,41.99258051914401,7.215606650383826,-5.062691875710608,0.0,0.0,-0.998710143975583,0.05077448493357918,6.79,2.88,3.37,s110_lidar_ouster_south,,486,-1.0,1688626538.3436472
63,03edb46f-204c-449c-9c9a-575f00b2f8ac,VAN,59.076154050011425,11.944883925300264,-5.810320915490316,0.0,0.0,-0.998710143975583,0.05077448493357918,5.17,2.13,2.83,s110_lidar_ouster_south,,81,-1.0,1688626538.3436472
63,a1531a29-5bca-4d2c-bce1-330c8b0d550c,CAR,51.24459682175201,11.316517137483856,-6.13741455078125,0.0,0.0,-0.9974949866040544,0.0707372016677029,4.09,1.85,1.8,s110_lidar_ouster_south,,55,-1.0,1688626538.3436472
62,f3cdd17e-3c51-4e94-aea4-693bee384265,CAR,55.08543341046979,0.8066786463517904,-6.414265207290427,0.0,0.0,0.09983341664682815,0.9950041652780258,4.3,2.11,1.72,s110_lidar_ouster_south,,45,-1.0,1688626538.243673
62,3dffb6f4-7ece-4506-b835-4cc668143705,CAR,12.469032042737576,-19.9309758906012,-6.704640799077095,0.0,0.0,-0.7242871743701427,0.6894984329517468,4.3,1.77,1.62,s110_lidar_ouster_south,,699,-1.0,1688626538.243673
62,a7a6eb27-24c5-4e66-8dd4-930efae1dd8a,CAR,42.76920473311612,10.394275641038258,-6.060927982330328,0.0,0.0,-0.998710143975583,0.05077448493357918,3.98,2.0,2.31,s110_lidar_ouster_south,,16,-1.0,1688626538.243673
62,b10437fa-952f-4bdb-b6e4-c10e1ba26111,TRUCK,41.37602323711312,14.128860758146176,-5.41261515828061,0.0,0.0,0.04997916927067821,0.9987502603949663,2.79,2.73,3.7800000000000002,s110_lidar_ouster_south,,157,-1.0,1688626538.243673
62,7ce97d8a-55bf-4e90-83b5-816c4266dd92,TRAILER,49.684265203463895,14.948928398196875,-5.2895782078957545,0.0,0.0,-0.998710143975583,0.05077448493357918,13.82,2.7,4.07,s110_lidar_ouster_south,,152,-1.0,1688626538.243673
62,bd3b37ef-ac86-48dc-bc02-becb8f602e9c,CAR,29.270806277425823,6.081065436610516,-6.33267362164886,0.0,0.0,-0.9907938391616198,0.13537934953078465,4.3,2.16,1.8,s110_lidar_ouster_south,,294,-1.0,1688626538.243673
62,7b316774-5d87-4dd1-ab4f-a27eca70d3fa,PEDESTRIAN,34.0341479392801,16.32116435575611,-6.821403751798897,0.0,0.0,-0.636537182221968,0.7712460149971065,0.62,0.58,1.74,s110_lidar_ouster_south,,26,-1.0,1688626538.243673
62,06d2d180-4cce-4a9f-af08-f1d0f43e86d0,PEDESTRIAN,36.39777367743347,16.989253478910783,-6.746213692862126,0.0,0.0,-0.636537182221968,0.7712460149971065,0.52,0.51,1.72,s110_lidar_ouster_south,,19,-1.0,1688626538.243673
62,1b273ab8-3cac-4954-88a5-cd5d0ae2dba6,PEDESTRIAN,35.236256787417794,16.784222032833274,-6.738284376143176,0.0,0.0,-0.636537182221968,0.7712460149971065,0.62,0.66,1.74,s110_lidar_ouster_south,,19,-1.0,1688626538.243673
62,1266f0ee-ae13-476c-a513-1a688af620af,CAR,11.84331205074801,29.55401766726811,-7.313703906775278,0.0,0.0,-0.7925625868748546,0.6097905754324501,4.09,1.98,1.67,s110_lidar_ouster_south,,113,-1.0,1688626538.243673
62,912301db-42d3-4f25-b8d4-8c762021884f,PEDESTRIAN,35.66373289010944,18.85382423713996,-6.763531430925624,0.0,0.0,-0.49688013784373675,0.8678191796776499,0.9500000000000001,0.61,1.95,s110_lidar_ouster_south,,23,-1.0,1688626538.243673
62,f82f2878-e502-43ce-ac0f-71d4dfde6c45,VAN,16.157689237469512,32.86242132251349,-6.4862265889373845,0.0,0.0,-0.7707388788989694,0.63715114419858,11.214690624615823,2.88,2.98,s110_lidar_ouster_south,,208,-1.0,1688626538.243673
62,2171d6a1-8b87-46c7-bf69-1f89ab2fa963,VAN,12.970607471068032,35.89170881630406,-7.124284488244717,0.0,0.0,-0.7833269096274834,0.6216099682706644,3.98,1.8669719861223,1.6085195541381836,s110_lidar_ouster_south,,51,-1.0,1688626538.243673
62,e574e265-b073-4788-ac29-e8529c9c88b9,PEDESTRIAN,32.90798543432481,16.688614927810757,-6.737963683144821,0.0,0.0,-0.6779718104557149,0.7350879023813413,0.62,0.64,1.85,s110_lidar_ouster_south,,19,-1.0,1688626538.243673
62,5029202e-a78d-411e-ad2f-d43b3cecf0e9,TRUCK,38.413412592798316,6.914590571324791,-5.802854745272833,0.0,0.0,-0.998710143975583,0.05077448493357918,1.6,2.8000000000000003,2.13,s110_lidar_ouster_south,,194,-1.0,1688626538.243673
62,5bde65a4-dbae-4aad-acfa-83f343881a74,TRAILER,42.631299775735805,7.3620359281941266,-5.062691875710608,0.0,0.0,-0.998710143975583,0.05077448493357918,6.79,2.88,3.37,s110_lidar_ouster_south,,480,-1.0,1688626538.243673
62,03edb46f-204c-449c-9c9a-575f00b2f8ac,VAN,59.076154050011425,11.944883925300264,-5.810320915490316,0.0,0.0,-0.998710143975583,0.05077448493357918,5.17,2.13,2.83,s110_lidar_ouster_south,,82,-1.0,1688626538.243673
62,a1531a29-5bca-4d2c-bce1-330c8b0d550c,CAR,51.24459682175201,11.316517137483856,-6.13741455078125,0.0,0.0,-0.9974949866040544,0.0707372016677029,4.09,1.85,1.8,s110_lidar_ouster_south,,52,-1.0,1688626538.243673
39,f3cdd17e-3c51-4e94-aea4-693bee384265,CAR,37.39171019049299,-2.927333924848284,-6.414265207290427,0.0,0.0,0.034992854604336196,0.9993875625234886,4.3,2.11,1.72,s110_lidar_ouster_south,,358,-1.0,1688626535.9436188
39,3dffb6f4-7ece-4506-b835-4cc668143705,CAR,19.30484272087163,-0.36397708872136014,-6.504776096359885,0.0,0.0,-0.9356160015533859,0.3530194012193304,4.3,1.77,1.62,s110_lidar_ouster_south,,650,-1.0,1688626535.9436188
39,a7a6eb27-24c5-4e66-8dd4-930efae1dd8a,CAR,42.73594732868301,10.409883760608766,-6.035927982330328,0.0,0.0,-0.998710143975583,0.05077448493357918,3.98,2.0,2.31,s110_lidar_ouster_south,,15,-1.0,1688626535.9436188
39,b10437fa-952f-4bdb-b6e4-c10e1ba26111,CAR,41.85860025727299,14.177279965219883,-5.41261515828061,0.0,0.0,0.04997916927067823,0.9987502603949663,3.7600000000000002,2.73,3.7800000000000002,s110_lidar_ouster_south,,289,-1.0,1688626535.9436188
39,7ce97d8a-55bf-4e90-83b5-816c4266dd92,TRAILER,49.684265203463895,14.948928398196875,-5.2895782078957545,0.0,0.0,-0.998710143975583,0.05077448493357918,13.82,2.7,4.07,s110_lidar_ouster_south,,360,-1.0,1688626535.9436188
39,bd3b37ef-ac86-48dc-bc02-becb8f602e9c,CAR,43.45688875064292,7.7632016017102625,-6.33267362164886,0.0,0.0,-0.998710143975583,0.05077448493357918,4.3,2.16,1.8,s110_lidar_ouster_south,,12,-1.0,1688626535.9436188
39,7b316774-5d87-4dd1-ab4f-a27eca70d3fa,PEDESTRIAN,34.0341479392801,16.32116435575611,-6.821403751798897,0.0,0.0,-0.636537182221968,0.7712460149971065,0.62,0.58,1.74,s110_lidar_ouster_south,,28,-1.0,1688626535.9436188
39,06d2d180-4cce-4a9f-af08-f1d0f43e86d0,PEDESTRIAN,36.39777367743347,16.989253478910783,-6.746213692862126,0.0,0.0,-0.636537182221968,0.7712460149971065,0.52,0.51,1.72,s110_lidar_ouster_south,,17,-1.0,1688626535.9436188
39,1b273ab8-3cac-4954-88a5-cd5d0ae2dba6,PEDESTRIAN,35.236256787417794,16.784222032833274,-6.738284376143176,0.0,0.0,-0.636537182221968,0.7712460149971065,0.62,0.66,1.74,s110_lidar_ouster_south,,19,-1.0,1688626535.9436188
39,1266f0ee-ae13-476c-a513-1a688af620af,CAR,11.84331205074801,29.575613384432476,-7.313703906775278,0.0,0.0,-0.7925625868748546,0.6097905754324501,4.09,1.98,1.67,s110_lidar_ouster_south,,92,-1.0,1688626535.9436188
39,912301db-42d3-4f25-b8d4-8c762021884f,PEDESTRIAN,35.4394354194443,21.532063411710933,-6.751328356066187,0.0,0.0,-0.6518337710215366,0.7583618759905082,0.9500000000000001,0.61,1.95,s110_lidar_ouster_south,,16,-1.0,1688626535.9436188
39,f82f2878-e502-43ce-ac0f-71d4dfde6c45,VAN,16.270586847756515,32.916770544043814,-6.4862265889373845,0.0,0.0,-0.7833269096274834,0.6216099682706644,11.214690624615823,2.88,2.98,s110_lidar_ouster_south,,141,-1.0,1688626535.9436188
39,2171d6a1-8b87-46c7-bf69-1f89ab2fa963,VAN,12.970607471068032,35.89170881630406,-7.124284488244717,0.0,0.0,-0.7833269096274834,0.6216099682706644,3.98,1.8669719861223,1.6085195541381836,s110_lidar_ouster_south,,39,-1.0,1688626535.9436188
39,e574e265-b073-4788-ac29-e8529c9c88b9,PEDESTRIAN,32.92856550714341,16.932366924838366,-6.737963683144821,0.0,0.0,-0.6779718104557149,0.7350879023813413,0.62,0.64,1.85,s110_lidar_ouster_south,,24,-1.0,1688626535.9436188
39,5029202e-a78d-411e-ad2f-d43b3cecf0e9,TRUCK,52.240929730935235,8.361106269016528,-5.806466693538164,0.0,0.0,-0.998710143975583,0.05077448493357918,1.6,2.8000000000000003,2.13,s110_lidar_ouster_south,,53,-1.0,1688626535.9436188
39,5bde65a4-dbae-4aad-acfa-83f343881a74,TRAILER,55.862519719270146,8.631166543297816,-5.186466636657717,0.0,0.0,-0.998710143975583,0.05077448493357918,6.79,2.88,3.37,s110_lidar_ouster_south,,240,-1.0,1688626535.9436188
36,f3cdd17e-3c51-4e94-aea4-693bee384265,CAR,35.528946607211125,-3.1255706732602224,-6.414265207290427,0.0,0.0,0.0,1.0,4.3,2.11,1.72,s110_lidar_ouster_south,,395,-1.0,1688626535.6438472
36,3dffb6f4-7ece-4506-b835-4cc668143705,CAR,21.104091049499413,1.1548835201373095,-6.5657447793856845,0.0,0.0,-0.9520903415905158,0.30581690837828934,4.3,1.77,1.62,s110_lidar_ouster_south,,459,-1.0,1688626535.6438472
36,a7a6eb27-24c5-4e66-8dd4-930efae1dd8a,CAR,42.73594732868301,10.409883760608766,-6.035927982330328,0.0,0.0,-0.998710143975583,0.05077448493357918,3.98,2.0,2.31,s110_lidar_ouster_south,,14,-1.0,1688626535.6438472
36,b10437fa-952f-4bdb-b6e4-c10e1ba26111,CAR,41.85860025727299,14.177279965219883,-5.41261515828061,0.0,0.0,0.04997916927067823,0.9987502603949663,3.7600000000000002,2.73,3.7800000000000002,s110_lidar_ouster_south,,201,-1.0,1688626535.6438472
36,7ce97d8a-55bf-4e90-83b5-816c4266dd92,TRAILER,49.684265203463895,14.948928398196875,-5.2895782078957545,0.0,0.0,-0.998710143975583,0.05077448493357918,13.82,2.7,4.07,s110_lidar_ouster_south,,365,-1.0,1688626535.6438472
36,bd3b37ef-ac86-48dc-bc02-becb8f602e9c,CAR,43.823359135239194,7.6680491401264765,-6.11226703738551,0.0,0.0,-0.998710143975583,0.05077448493357918,4.3,2.16,1.8,s110_lidar_ouster_south,,108,-1.0,1688626535.6438472
36,7b316774-5d87-4dd1-ab4f-a27eca70d3fa,PEDESTRIAN,34.0341479392801,16.32116435575611,-6.821403751798897,0.0,0.0,-0.636537182221968,0.7712460149971065,0.62,0.58,1.74,s110_lidar_ouster_south,,30,-1.0,1688626535.6438472
36,06d2d180-4cce-4a9f-af08-f1d0f43e86d0,PEDESTRIAN,36.39777367743347,16.989253478910783,-6.746213692862126,0.0,0.0,-0.636537182221968,0.7712460149971065,0.52,0.51,1.72,s110_lidar_ouster_south,,16,-1.0,1688626535.6438472
36,1b273ab8-3cac-4954-88a5-cd5d0ae2dba6,PEDESTRIAN,35.236256787417794,16.784222032833274,-6.738284376143176,0.0,0.0,-0.636537182221968,0.7712460149971065,0.62,0.66,1.74,s110_lidar_ouster_south,,20,-1.0,1688626535.6438472
36,1266f0ee-ae13-476c-a513-1a688af620af,CAR,11.938693134890585,29.568054883424946,-7.313703906775278,0.0,0.0,-0.7925625868748546,0.6097905754324501,4.09,1.98,1.67,s110_lidar_ouster_south,,104,-1.0,1688626535.6438472
36,912301db-42d3-4f25-b8d4-8c762021884f,PEDESTRIAN,35.334852412761705,22.048946868306384,-6.763531430925624,0.0,0.0,-0.6248973167276999,0.7807069511324468,0.9500000000000001,0.61,1.95,s110_lidar_ouster_south,,17,-1.0,1688626535.6438472
36,f82f2878-e502-43ce-ac0f-71d4dfde6c45,VAN,16.179764859459745,32.98899622033799,-6.4862265889373845,0.0,0.0,-0.7833269096274834,0.6216099682706644,11.214690624615823,2.88,2.98,s110_lidar_ouster_south,,148,-1.0,1688626535.6438472
36,2171d6a1-8b87-46c7-bf69-1f89ab2fa963,VAN,12.970607471068032,35.89170881630406,-7.124284488244717,0.0,0.0,-0.7833269096274834,0.6216099682706644,3.98,1.8669719861223,1.6085195541381836,s110_lidar_ouster_south,,48,-1.0,1688626535.6438472
36,e574e265-b073-4788-ac29-e8529c9c88b9,PEDESTRIAN,32.92856550714341,16.932366924838366,-6.737963683144821,0.0,0.0,-0.6779718104557149,0.7350879023813413,0.62,0.64,1.85,s110_lidar_ouster_south,,33,-1.0,1688626535.6438472
36,5029202e-a78d-411e-ad2f-d43b3cecf0e9,TRUCK,53.58937531545262,8.470878371376912,-5.806466693538164,0.0,0.0,-0.998710143975583,0.05077448493357918,1.6,2.8000000000000003,2.13,s110_lidar_ouster_south,,55,-1.0,1688626535.6438472
36,5bde65a4-dbae-4aad-acfa-83f343881a74,TRAILER,57.19833314736854,8.761659920656479,-5.186466636657717,0.0,0.0,-0.998710143975583,0.05077448493357918,6.79,2.88,3.37,s110_lidar_ouster_south,,238,-1.0,1688626535.6438472
34,f3cdd17e-3c51-4e94-aea4-693bee384265,CAR,34.373070956169464,-3.2033224904980564,-6.414265207290427,0.0,0.0,-0.01999866669333308,0.9998000066665778,4.3,2.11,1.72,s110_lidar_ouster_south,,418,-1.0,1688626535.443991
34,3dffb6f4-7ece-4506-b835-4cc668143705,CAR,22.361184388948278,2.083849041128942,-6.453477913678233,0.0,0.0,-0.966184951612734,0.25785003253266964,4.3,1.77,1.62,s110_lidar_ouster_south,,387,-1.0,1688626535.443991
34,a7a6eb27-24c5-4e66-8dd4-930efae1dd8a,CAR,42.73594732868301,10.409883760608766,-6.035927982330328,0.0,0.0,-0.998710143975583,0.05077448493357918,3.98,2.0,2.31,s110_lidar_ouster_south,,15,-1.0,1688626535.443991
34,b10437fa-952f-4bdb-b6e4-c10e1ba26111,CAR,41.85860025727299,14.177279965219883,-5.41261515828061,0.0,0.0,0.04997916927067823,0.9987502603949663,3.7600000000000002,2.73,3.7800000000000002,s110_lidar_ouster_south,,218,-1.0,1688626535.443991
34,7ce97d8a-55bf-4e90-83b5-816c4266dd92,TRAILER,49.684265203463895,14.948928398196875,-5.2895782078957545,0.0,0.0,-0.998710143975583,0.05077448493357918,13.82,2.7,4.07,s110_lidar_ouster_south,,383,-1.0,1688626535.443991
34,bd3b37ef-ac86-48dc-bc02-becb8f602e9c,CAR,45.03885392690587,7.788327566917815,-6.11226703738551,0.0,0.0,-0.998710143975583,0.05077448493357918,4.3,2.16,1.8,s110_lidar_ouster_south,,155,-1.0,1688626535.443991
34,7b316774-5d87-4dd1-ab4f-a27eca70d3fa,PEDESTRIAN,34.0341479392801,16.32116435575611,-6.821403751798897,0.0,0.0,-0.636537182221968,0.7712460149971065,0.62,0.58,1.74,s110_lidar_ouster_south,,33,-1.0,1688626535.443991
34,06d2d180-4cce-4a9f-af08-f1d0f43e86d0,PEDESTRIAN,36.39777367743347,16.989253478910783,-6.746213692862126,0.0,0.0,-0.636537182221968,0.7712460149971065,0.52,0.51,1.72,s110_lidar_ouster_south,,15,-1.0,1688626535.443991
34,1b273ab8-3cac-4954-88a5-cd5d0ae2dba6,PEDESTRIAN,35.15666213369058,16.791001655533332,-6.738284376143176,0.0,0.0,-0.636537182221968,0.7712460149971065,0.62,0.66,1.74,s110_lidar_ouster_south,,19,-1.0,1688626535.443991
34,1266f0ee-ae13-476c-a513-1a688af620af,CAR,11.84331205074801,29.55401766726811,-7.313703906775278,0.0,0.0,-0.7925625868748546,0.6097905754324501,4.09,1.98,1.67,s110_lidar_ouster_south,,115,-1.0,1688626535.443991
34,912301db-42d3-4f25-b8d4-8c762021884f,PEDESTRIAN,35.375379756511705,22.256793441515214,-6.763531430925624,0.0,0.0,-0.6248973167276999,0.7807069511324468,0.9500000000000001,0.61,1.95,s110_lidar_ouster_south,,15,-1.0,1688626535.443991
34,f82f2878-e502-43ce-ac0f-71d4dfde6c45,VAN,16.328775307893807,32.97747850451698,-6.4862265889373845,0.0,0.0,-0.7707388788989694,0.63715114419858,11.214690624615823,2.88,2.98,s110_lidar_ouster_south,,179,-1.0,1688626535.443991
34,2171d6a1-8b87-46c7-bf69-1f89ab2fa963,VAN,12.970607471068032,35.89170881630406,-7.124284488244717,0.0,0.0,-0.7833269096274834,0.6216099682706644,3.98,1.8669719861223,1.6085195541381836,s110_lidar_ouster_south,,44,-1.0,1688626535.443991
34,e574e265-b073-4788-ac29-e8529c9c88b9,PEDESTRIAN,32.92856550714341,16.932366924838366,-6.737963683144821,0.0,0.0,-0.6779718104557149,0.7350879023813413,0.62,0.64,1.85,s110_lidar_ouster_south,,29,-1.0,1688626535.443991
34,5029202e-a78d-411e-ad2f-d43b3cecf0e9,TRUCK,54.48008460304392,8.622986762205638,-5.806466636657716,0.0,0.0,-0.998710143975583,0.05077448493357918,1.6,2.8000000000000003,2.13,s110_lidar_ouster_south,,54,-1.0,1688626535.443991
34,5bde65a4-dbae-4aad-acfa-83f343881a74,TRAILER,58.02271206688997,8.89677730506079,-5.186466636657717,0.0,0.0,-0.998710143975583,0.05077448493357918,6.79,2.88,3.37,s110_lidar_ouster_south,,230,-1.0,1688626535.443991
15,f3cdd17e-3c51-4e94-aea4-693bee384265,CAR,27.374704829468836,-0.07763493529387167,-6.414265207290427,0.0,0.0,-0.6518337710215366,0.7583618759905082,4.3,2.11,1.72,s110_lidar_ouster_south,,353,-1.0,1688626533.543914
15,3dffb6f4-7ece-4506-b835-4cc668143705,CAR,34.337498604619164,6.2675137550562905,-6.30911499348741,0.0,0.0,-0.9974949866040544,0.0707372016677029,4.3,1.77,1.62,s110_lidar_ouster_south,,158,-1.0,1688626533.543914
15,a7a6eb27-24c5-4e66-8dd4-930efae1dd8a,CAR,42.565213858962764,10.371977606608745,-6.035927982330328,0.0,0.0,-0.998710143975583,0.05077448493357918,3.98,2.0,2.31,s110_lidar_ouster_south,,75,-1.0,1688626533.543914
15,b10437fa-952f-4bdb-b6e4-c10e1ba26111,CAR,50.87282660702713,11.24871524705759,-6.277281265258795,0.0,0.0,-0.9993593799047014,0.03578868251962797,3.7600000000000002,1.95,1.54,s110_lidar_ouster_south,,52,-1.0,1688626533.543914
15,481e2761-b762-41d0-ad26-c75adc9848e2,TRUCK,41.37602323711317,14.12886075814617,-5.41261515828061,0.0,0.0,0.04997916927067824,0.9987502603949663,2.79,2.73,3.7800000000000002,s110_lidar_ouster_south,,271,-1.0,1688626533.543914
15,7ce97d8a-55bf-4e90-83b5-816c4266dd92,TRAILER,49.684265203463895,14.948928398196875,-5.2895782078957545,0.0,0.0,-0.998710143975583,0.05077448493357918,13.82,2.7,4.07,s110_lidar_ouster_south,,491,-1.0,1688626533.543914
15,bd3b37ef-ac86-48dc-bc02-becb8f602e9c,CAR,54.5788490577951,8.719055856292325,-5.748538112640382,0.0,0.0,-0.9974949866040544,0.0707372016677029,4.3,2.16,1.8,s110_lidar_ouster_south,,58,-1.0,1688626533.543914
15,7b316774-5d87-4dd1-ab4f-a27eca70d3fa,PEDESTRIAN,34.11071682879397,16.535933306988433,-6.821403751798897,0.0,0.0,-0.7242871743701427,0.6894984329517468,0.62,0.58,1.74,s110_lidar_ouster_south,,28,-1.0,1688626533.543914
15,06d2d180-4cce-4a9f-af08-f1d0f43e86d0,PEDESTRIAN,36.41987735063442,17.0282145137127,-6.7632866152412365,0.0,0.0,-0.6997160753466035,0.7144210340559314,0.52,0.51,1.72,s110_lidar_ouster_south,,14,-1.0,1688626533.543914
15,1b273ab8-3cac-4954-88a5-cd5d0ae2dba6,PEDESTRIAN,35.083152325147935,16.74083726659152,-6.787065950944302,0.0,0.0,-0.7707388788989694,0.63715114419858,0.62,0.66,1.74,s110_lidar_ouster_south,,29,-1.0,1688626533.543914
15,1266f0ee-ae13-476c-a513-1a688af620af,CAR,11.968004831030566,29.605468107151673,-7.313703906775278,0.0,0.0,-0.7925625868748546,0.6097905754324501,4.09,1.98,1.67,s110_lidar_ouster_south,,109,-1.0,1688626533.543914
15,0ca72784-fa5e-45e4-931f-9a99df1d26b7,VAN,59.907253456984016,12.163167661914281,-5.792815638963439,0.0,0.0,-0.998710143975583,0.05077448493357918,4.73,2.05,2.36,s110_lidar_ouster_south,,27,-1.0,1688626533.543914
15,912301db-42d3-4f25-b8d4-8c762021884f,PEDESTRIAN,35.78076738828641,25.302888119641867,-6.768060023765556,0.0,0.0,-0.6518337710215366,0.7583618759905082,0.9500000000000001,0.61,1.95,s110_lidar_ouster_south,,16,-1.0,1688626533.543914
15,f82f2878-e502-43ce-ac0f-71d4dfde6c45,VAN,16.307657176140218,33.03014805915675,-6.4862265889373845,0.0,0.0,-0.7707388788989694,0.63715114419858,11.214690624615823,2.88,2.98,s110_lidar_ouster_south,,203,-1.0,1688626533.543914
15,2171d6a1-8b87-46c7-bf69-1f89ab2fa963,VAN,12.970607471068032,35.89170881630406,-7.124284488244717,0.0,0.0,-0.7833269096274834,0.6216099682706644,3.98,1.8669719861223,1.6085195541381836,s110_lidar_ouster_south,,47,-1.0,1688626533.543914
15,e574e265-b073-4788-ac29-e8529c9c88b9,PEDESTRIAN,33.35572863143474,18.05524047198575,-6.7114801786546066,0.0,0.0,-0.8332720904256761,0.5528631144484355,0.62,0.64,1.85,s110_lidar_ouster_south,,30,-1.0,1688626533.543914
10,f3cdd17e-3c51-4e94-aea4-693bee384265,CAR,26.860808128858956,1.4785779449538032,-6.414265207290427,0.0,0.0,-0.7925625868748546,0.6097905754324501,4.3,2.11,1.72,s110_lidar_ouster_south,,394,-1.0,1688626533.0438972
10,3dffb6f4-7ece-4506-b835-4cc668143705,CAR,37.598320727979086,6.5432671279286385,-6.163247051239019,0.0,0.0,-0.9992290362407229,0.039259815759068666,4.3,1.77,1.62,s110_lidar_ouster_south,,115,-1.0,1688626533.0438972
10,a7a6eb27-24c5-4e66-8dd4-930efae1dd8a,CAR,42.75683752452164,10.362122222159053,-6.035927982330328,0.0,0.0,-0.998710143975583,0.05077448493357918,3.98,2.0,2.31,s110_lidar_ouster_south,,54,-1.0,1688626533.0438972
10,b10437fa-952f-4bdb-b6e4-c10e1ba26111,CAR,50.91494749155505,11.278436436318303,-6.277281265258795,0.0,0.0,-0.9993593799047014,0.03578868251962797,3.7600000000000002,1.95,1.54,s110_lidar_ouster_south,,56,-1.0,1688626533.0438972
10,481e2761-b762-41d0-ad26-c75adc9848e2,TRUCK,41.37602323711317,14.12886075814617,-5.41261515828061,0.0,0.0,0.04997916927067824,0.9987502603949663,2.79,2.73,3.7800000000000002,s110_lidar_ouster_south,,214,-1.0,1688626533.0438972
10,7ce97d8a-55bf-4e90-83b5-816c4266dd92,TRAILER,49.684265203463895,14.948928398196875,-5.2895782078957545,0.0,0.0,-0.998710143975583,0.05077448493357918,13.82,2.7,4.07,s110_lidar_ouster_south,,498,-1.0,1688626533.0438972
10,bd3b37ef-ac86-48dc-bc02-becb8f602e9c,CAR,56.2392848321387,8.919552263176577,-5.748538112640382,0.0,0.0,-0.9974949866040544,0.0707372016677029,4.3,2.16,1.8,s110_lidar_ouster_south,,68,-1.0,1688626533.0438972
10,7b316774-5d87-4dd1-ab4f-a27eca70d3fa,PEDESTRIAN,34.12856568903031,16.831737687627196,-6.821403751798897,0.0,0.0,-0.7242871743701427,0.6894984329517468,0.62,0.58,1.74,s110_lidar_ouster_south,,34,-1.0,1688626533.0438972
10,06d2d180-4cce-4a9f-af08-f1d0f43e86d0,PEDESTRIAN,36.33719814747068,16.9866402256245,-6.7632866152412365,0.0,0.0,-0.6997160753466035,0.7144210340559314,0.52,0.51,1.72,s110_lidar_ouster_south,,15,-1.0,1688626533.0438972
10,1b273ab8-3cac-4954-88a5-cd5d0ae2dba6,PEDESTRIAN,35.083152325147935,16.74083726659152,-6.787065950944302,0.0,0.0,-0.7707388788989694,0.63715114419858,0.62,0.66,1.74,s110_lidar_ouster_south,,32,-1.0,1688626533.0438972
10,1266f0ee-ae13-476c-a513-1a688af620af,CAR,11.979882475470966,29.553878338370126,-7.313703906775278,0.0,0.0,-0.7925625868748546,0.6097905754324501,4.09,1.98,1.67,s110_lidar_ouster_south,,110,-1.0,1688626533.0438972
10,0ca72784-fa5e-45e4-931f-9a99df1d26b7,VAN,58.7634011042846,11.937961642787352,-5.792815638963439,0.0,0.0,-0.998710143975583,0.05077448493357918,4.73,2.05,2.36,s110_lidar_ouster_south,,21,-1.0,1688626533.0438972
10,912301db-42d3-4f25-b8d4-8c762021884f,PEDESTRIAN,35.8714687333756,26.081232928291033,-6.772642939434406,0.0,0.0,-0.479425538604203,0.8775825618903728,0.9500000000000001,0.61,1.95,s110_lidar_ouster_south,,8,-1.0,1688626533.0438972
10,f82f2878-e502-43ce-ac0f-71d4dfde6c45,VAN,16.274543743154872,33.01479110472876,-6.4862265889373845,0.0,0.0,-0.7707388788989694,0.63715114419858,11.214690624615823,2.88,2.98,s110_lidar_ouster_south,,214,-1.0,1688626533.0438972
10,2171d6a1-8b87-46c7-bf69-1f89ab2fa963,VAN,12.970607471068032,35.89170881630406,-7.124284488244717,0.0,0.0,-0.7833269096274834,0.6216099682706644,3.98,1.8669719861223,1.6085195541381836,s110_lidar_ouster_south,,51,-1.0,1688626533.0438972
10,e574e265-b073-4788-ac29-e8529c9c88b9,PEDESTRIAN,33.69494303939371,18.431748033734255,-6.7114801786546066,0.0,0.0,-0.8332720904256761,0.5528631144484355,0.62,0.64,1.85,s110_lidar_ouster_south,,25,-1.0,1688626533.0438972
65,265ca258-ed81-4a38-b444-eed94e881ae3,TRAILER,27.897884065390798,-146.46184556952844,-3.205217463946304,0.0,0.0,-0.6442176872376912,0.7648421872844883,16.35,2.95,4.428078651428223,s110_lidar_ouster_south,,3,0.011237149079287934,1688626052.5476058
65,e0a97789-40dd-468e-8a66-556cebb05e0a,PEDESTRIAN,35.808710573216665,-16.48127033250083,-6.132215091291869,0.0,0.0,-0.9954150398196859,0.09564987454656154,0.85,0.8322821855545044,1.82,,,32,19.88286906994552,1688626052.5476058
65,22f9e130-91ea-4fac-9e6b-322cc8041b84,PEDESTRIAN,38.07877470894054,3.61115304333873,-6.092434427270405,0.0,0.0,-0.7032794192004101,0.7109135380122774,0.5,0.5,1.75,s110_lidar_ouster_south,,25,45.71428571428572,1688626052.5476058
65,75a175f6-9a19-408d-9c3f-15011e922473,BUS,26.176030708764795,15.874795401659991,-5.965369959953587,0.0,0.0,0.706825181105366,0.7073882691671998,11.72,2.85,2.9,,,1059,8.746120921935297,1688626052.5476058
65,672ba655-fc9b-454c-af91-3b301f2f8881,TRAILER,12.096400019009478,-2.400341059227322,-5.885709050326093,0.0,0.0,-0.7138636049350369,0.7002847660410396,20.0,2.7,4.16,,,3640,12.962962962962962,1688626052.5476058
65,6535fe58-afb4-4b36-ba12-3a7361144bdc,PEDESTRIAN,37.66636420853827,7.761170259931037,-6.565317763060531,0.0,0.0,-0.6997160753466035,0.7144210340559314,0.5,0.5,1.75,s110_lidar_ouster_south,,34,62.17142857142857,1688626052.5476058
65,010ed1d7-4ca5-4dd3-bd21-bb8df21d2b40,CAR,-105.41171629080742,4.739477181320741,-10.099540862784012,0.0,0.0,0.9974949866040544,0.0707372016677029,4.0600000000000005,2.09,1.29,,,4,0.29233980189958747,1688626052.5476058
65,e5fbab28-8d2d-4362-b787-ec57d57fc494,BICYCLE,11.973896720064342,16.26008015796119,-7.088705713823405,0.0,0.0,-0.7446431199708593,0.6674628258413081,1.7,0.508,1.72,,,70,37.70048579768842,1688626052.5476058
65,82b26b15-b676-46d8-b4b8-3c53cadf1920,CAR,32.629013228564915,92.5105419882618,-6.9,0.0,0.0,0.9999996829318346,0.0007963267107332633,4.7,2.09,1.45,,,0,0.0,1688626052.5476058
65,755ea15f-43d2-4356-ba34-d792c6dc3c28,CAR,48.354067900588056,32.95139793531224,-6.380816433430002,0.0,0.0,-0.926499071042854,0.3762970520170581,4.7,2.09,1.45,,,2,0.11233312387886277,1688626052.5476058
65,b8596f8d-58d6-42ab-8665-22fc13d29d41,CAR,30.067169248342083,63.885954156645816,-7.2621811176352855,0.0,0.0,0.6997160753466035,0.7144210340559314,4.7,2.09,1.45,,,1,0.056166561939431384,1688626052.5476058
65,aee3e8c7-5641-46bf-905a-af0858e45b98,PEDESTRIAN,35.10343803084334,4.991972206843673,-6.171213204053212,0.0,0.0,-0.6961352386273567,0.7179106696109434,0.5,0.5,1.75,,,30,54.85714285714286,1688626052.5476058
65,b70a5fe2-e3b1-418a-bf7f-cd7bbed37980,PEDESTRIAN,35.842176689214824,6.266191961465058,-6.366049234390697,0.0,0.0,-0.6997160753466035,0.7144210340559314,0.5,0.5,1.75,,,31,56.68571428571429,1688626052.5476058
65,43839337-8acc-4d0d-9a6a-2ffcd059cdc9,PEDESTRIAN,36.571626594894205,6.580635112573357,-6.183409582980978,0.0,0.0,-0.6889214451105513,0.7248360107409052,0.5,0.5,1.75,,,22,40.22857142857143,1688626052.5476058
65,20e352c9-8c78-40bf-8e9a-3d67f2fd10ab,PEDESTRIAN,34.82125732378926,7.452224905175843,-6.455552035665804,0.0,0.0,-0.6925369985634013,0.7213823574366063,0.5,0.5,1.75,,,31,56.68571428571429,1688626052.5476058
65,9ee21ce9-ed36-4c87-a946-0347b30bd591,PEDESTRIAN,35.7508652589832,7.854115032214313,-6.440881020243432,0.0,0.0,-0.6997160753466035,0.7144210340559314,0.5,0.5,1.75,,,12,21.942857142857143,1688626052.5476058
65,2b63dc6f-2adb-4c39-9732-f3cca47a5a0d,MOTORCYCLE,40.090437947275916,10.724024619484249,-6.39131153009726,0.0,0.0,-0.998710143975583,0.05077448493357918,2.08,0.67,1.81,,,30,9.51468750594668,1688626052.5476058
65,4ca50314-05e9-4549-86da-df0c9a32aa0d,CAR,31.059025933668845,42.61673571706349,-7.0092941621115425,0.0,0.0,0.6925369985634013,0.7213823574366063,3.39,1.75,1.45,,,18,1.6740049697022539,1688626052.5476058
65,86caf491-f523-44c9-9871-2ed710c1846f,CAR,45.72891564101341,10.939078191575303,-5.901186357243633,0.0,0.0,-0.998443788757924,0.05576738016728224,5.03,2.09,1.8900000000000001,,,157,6.321404249624401,1688626052.5476058
65,aadebe82-d34e-40d9-9f42-d62603bcf9b7,TRUCK,11.930689575325458,-7.954274684114875,-6.784103870391846,0.0,0.0,-0.7208306429990985,0.6931112350218442,8.76,2.8000000000000003,2.8007917404174805,,,1082,12.600108743001238,1688626052.5476058
65,f85f9166-188c-4788-a850-60ea6bbe0495,CAR,27.11386579934903,-9.99671873299285,-6.338315532669752,0.0,0.0,0.7103532724176078,0.7038453156522361,4.7,2.09,1.45,,,596,33.475270915901106,1688626052.5476058
65,567f5038-d38a-4964-9ac0-a2f5ebfe11c2,CAR,29.158768762996253,-43.856135805042456,-6.301945446976696,0.0,0.0,0.7138636049350369,0.7002847660410396,4.7,1.97,1.45,,,166,9.891587309272246,1688626052.5476058
65,f15881c8-92a5-4006-a531-d705ffc54e55,TRUCK,23.83286061059797,-31.887089266203777,-6.067403078079224,0.0,0.0,0.8220489164097717,0.5694168763125309,2.5300000000000002,2.05,2.1130881309509277,,,915,66.79117569124026,1688626052.5476058
65,f60bdcc5-ff4e-4ed8-8e61-092923bc9b3f,TRAILER,25.018831757365202,-35.13650894955476,-5.525402988106163,0.0,0.0,0.8220489164097717,0.5694168763125309,4.5200000000000005,2.1,3.06,,,1415,38.97330810396922,1688626052.5476058
65,da3cfe14-eead-4c7c-8687-8a03bd65c0d9,CAR,32.45561237391085,-37.38652617713979,-6.285704035919021,0.0,0.0,0.7173560908995229,0.6967067093471653,4.55,1.97,1.45,,,402,24.74402894497416,1688626052.5476058
65,448c9f98-c73d-4422-85ca-7797ed5055a3,CAR,31.720562912461222,-21.4274333606961,-6.385731667122297,0.0,0.0,0.7173560908995229,0.6967067093471653,4.0200000000000005,2.09,1.45,,,1168,76.6994921449509,1688626052.5476058
